WL #,May 31 - June 3,June 3 - 6,June 7-13,June 14-20,June 21-27,June 28-July 4,July 5-11,July 12-18,July 19-25,July 26-Aug 1,Aug 2-8,Aug 9-15
10,,,,,,,,,,,,"4PC,4PC"
14,,,,,,,,,,,,"4PC,4PC"
61,,,,,,,,,,,,"4PC,6PC"
102,,,,,,,"4PC,5PC",,,,,"4PC,5PC"
112,,,,,,,,,"4PC,4PC",,"4PC,4PC",
113,,,,,,,,,,"6PC,6PC","6PC,6PC",
118,,,,,,,,,,"4PC,6PC",,"4PC,6PC"
123,,,,,,,,,,,"6PC,5PC","6PC,5PC"
124,,,,,,,,,,,"5PC,6PC","5PC,6PC"
128,,,"4PC,4PC","4PC,4PC",,,,,,,,"4PC,4PC"
132,,,,,,,,,,,"6PC,5PC",
145,,,,,,,,,"6PC,4PC","6PC,4PC","6PC,4PC",
147,,,,,,"4PC,3PC",,,,,,"4PC,3PC"
148,,,,,,"4PC,5PC","4PC,5PC","4PC,5PC",,,,
153,,,,"4PC,5PC",,,,,,,,
154,,,,,,,,"4PC,4PC","4PC,4PC","4PC,4PC",,
156,,,,,,,,,,"4PC,4PC","4PC,4PC","4PC,4PC"
159,,,,"6PC,4PC",,,,,"6PC,4PC",,,
165,,,,,,,,,"4PC,5PC",,"4PC,5PC",
169,,,,,,,,,"4PC,6PC",,,
171,,,"4PC,5PC",,,,,,,,"4PC,5PC","4PC,5PC"
174,,,,,,,,,"6PC,5PC",,,
175,,,"4PC,4PC",,,,,,,,"4PC,4PC","4PC,4PC"
176,,,,,,,,,,,"6PC,5PC",
181,,,"6PC,4PC","6PC,4PC",,,,,,,,
182,,,,,,,,"4PC,4PC",,,,
185,,,"4PC,4PC",,,,,,,,"4PC,4PC","4PC,4PC"
186,,,,,,,,,,,"5PC,6PC",
187,,,,,,,,,"6PC,6PC",,,
188,,,"6PC,4PC",,,,,,"6PC,4PC","6PC,4PC",,
189,,,,,,,,,"4PC,5PC",,"4PC,5PC",
190,,,,"4PC,3PC",,"4PC,3PC",,,,"4PC,3PC",,
194,,,"6PC,6PC",,,,,,,,,
195,,,"4PC,5PC","4PC,5PC",,,,,,,,
196,,,"4PC,5PC","4PC,5PC",,,,,,,,
197,,,,"4PC,6PTS",,,,,,,,
199,,,,,,,,,"6PC,4PC","6PC,4PC",,
200,,,,,,,,,"5PC,6PC",,,
201,,,,"6PC,5PC",,,,,,"6PC,5PC","6PC,5PC",
207,,,,,,,,,"6PC,6PC",,"6PC,6PC","6PC,6PC"
208,,,,,,,,,"6PC,6PC",,,
214,,,,"4PC,4PC",,,,,,,,"4PC,4PC"
216,,,,,,,,,,,"4PC,6PC","4PC,6PC"
217,,,,,,,,,,"4PC,4PC","4PC,4PC","4PC,4PC"
220,,,,"6PTS,6PTS",,,,,,,,
221,,,,,,,,,"4PC,5PC","4PC,5PC",,
224,,,,,,,,"4PC,4PC",,,"4PC,4PC","4PC,4PC"
225,,,,,,,,,"4PC,5PC",,,
227,,,,,,,,,,"4PC,4PC","4PC,4PC","4PC,4PC"
228,,,,,,,,,"4PC,5PC","4PC,5PC","4PC,5PC",
229,,,,"4PC,4PC",,,,"4PC,4PC",,,,
230,,,,,,,,,,"6PC,4PC","6PC,4PC","6PC,4PC"
234,,,,,,,,"6PC,4PC","6PC,4PC","6PC,4PC",,
235,,,"6PC,5PC","6PC,5PC",,,,,,,,
236,,,,,,,,"4PC,6PC",,"4PC,6PC",,"4PC,6PC"
237,,,"4PC,5PC","4PC,5PC",,"4PC,5PC",,,,,,
240,,,,,,,,,"6PC,6PC","6PC,6PC",,
242,,,,"6PC,5PC",,,,,,,,
243,,,,,,,,,,"6PC,5PC","6PC,5PC","6PC,5PC"
244,,,,"6PC,5PC",,,,,,,,
245,,,,,,,,,,"4PC,6PC","4PC,6PC","4PC,6PC"
246,,,"4PC,6PC","4PC,6PC",,,,,,,,
249,,,,,,"6PC,5PC",,,,"6PC,5PC","6PC,5PC",
250,,,,,,,,,"4PC,5PC","4PC,5PC","4PC,5PC",
252,,,,,,,,,,,"4PC,6PC",
253,,,,,,,,"6PC,6PC","6PC,6PC","6PC,6PC",,
254,,,,,,,,,,"4PC,4PC","4PC,4PC","4PC,4PC"
256,,,"4PC,4PC","4PC,4PC",,,,,,,"4PC,4PC",
257,,,,,,,"6PC,4PC","6PC,4PC","6PC,4PC",,,
259,,,,,,"6PC,5PC","6PC,5PC","6PC,5PC",,,,
260,,,,,,"6PC,5PC","6PC,5PC","6PC,5PC",,,,
261,,,,,,"6PC,6PC",,,,"6PC,6PC","6PC,6PC",
263,,,,,,,,,,"4PC,6PC","4PC,6PC","4PC,6PC"
265,,,,,,,,,,,"4PC,6PC",
266,,,,,,,,,,,"3PC,4PC",
270,,,,,,,,"4PC,6PC",,,,"4PC,6PC"
273,,,,"3PC,4PC",,,,,,,"3PC,4PC",
274,,,,,,,,,"4PC,4PC","4PC,4PC","4PC,4PC",
275,,,"6PC,5PC",,,,,,,,,
276,,,,,,,,"6PC,5PC","6PC,5PC","6PC,5PC",,
278,,,,,,"5PC,6PC",,,,,,
279,,,,,,,,"6PC,6PC","6PC,6PC","6PC,6PC",,
280,,,,,,"4PC,5PC",,,"4PC,5PC","4PC,5PC",,
281,,,,,,,,,,,"4PC,3PC",
284,,,,,,,,"5PC,6PC","5PC,6PC","5PC,6PC",,
287,,,,"5PC,4PC",,,,,,,,
288,,,"6PC,4PC",,,"6PC,4PC",,,,,,
289,,,"4PC,6PC",,,,,"4PC,6PC","4PC,6PC",,,
290,,,"4PC,4PC",,,,,"4PC,4PC","4PC,4PC",,,
291,,,"5PC,4PC","5PC,4PC",,"5PC,4PC",,,,,,
292,,,,"4PC,4PC",,"4PC,4PC",,,,,,
293,,,,,,,,,,"3PC,4PC",,
294,,,"4PC,5PC","4PC,5PC",,,,,,,"4PC,5PC",
295,,,,,,,,"6PC,4PC",,,,
296,,,"4PC,6PC","4PC,6PC",,,,"4PC,6PC",,,,
297,,,,,,,,"5PC,4PC","5PC,4PC",,"5PC,4PC",
298,,,"6PC,6PC",,,"6PC,6PC","6PC,6PC",,,,,
299,,,"6PC,6PC","6PC,6PC",,"6PC,6PC",,,,,,
300,,,,"4PC,6PC",,,,,,,,
306,,,,,,,,,,,"4PC,4PC","4PC,4PC"
307,,,,,,,,"5PC,6PC","5PC,6PC",,"5PC,6PC",
308,,,,,,,,,,"4PC,5PC","4PC,5PC","4PC,5PC"
311,,,,,,,,"6PC,5PC","6PC,5PC","6PC,5PC",,
313,,,"5PC,4PC","5PC,4PC",,"5PC,4PC",,,,,,
319,,,,"6PC,4PC",,,,,,"6PC,4PC","6PC,4PC",
320,,,,"6PC,3PC",,,,,,,,
321,,,,,,,,,"4PC,4PC","4PC,4PC","4PC,4PC",
323,,,"6PC,4PC","6PC,4PC",,,,,,,,"6PC,4PC"
325,,,,,,"4PC,4PC",,,,,"4PC,4PC","4PC,4PC"
327,,,,"4PC,3PC",,,,,,,,
328,,,,,,,,,,"4PC,4PC","4PC,4PC","4PC,4PC"
331,,,,"3PC,3PC",,,,,,,,
332,,,,,,,"5PC,6PC","5PC,6PC",,,"5PC,6PC",
333,,,,,,,,,"4PC,5PC","4PC,5PC",,"4PC,5PC"
334,,,,,,,,"3PC,3PC","3PC,3PC","3PC,3PC",,
336,,,,,,"6PC,6PC",,,,"6PC,6PC","6PC,6PC",
337,,,"5PC,6PC",,,,,,,,,
338,,,,"4PC,5PC",,,,,,,,
339,,,,,,,,,"4PC,4PC","4PC,4PC","4PC,4PC",
340,,,,,,,,,"3PC,3PC",,,
342,,,"4PC,4PC","4PC,4PC",,,,,,,,
345,,,,,,,,,"4PC,4PC","4PC,4PC","4PC,4PC",
346,,,,,,,,,,"4PC,4PC","4PC,4PC","4PC,4PC"
347,,,"4PC,4PC",,,,,,,,"4PC,4PC","4PC,4PC"
348,,,,,,,,,"6PC,6PC","6PC,6PC","6PC,6PC",
349,,,,,,,,,"4PC,6PC","4PC,6PC","4PC,6PC",
351,,,"6PC,5PC","6PC,5PC",,,,,,,,
353,,,"4PC,4PC","4PC,4PC",,"4PC,4PC",,,,,,
354,,,"4PC,6PC",,,,,,,,"4PC,6PC","4PC,6PC"
356,,,,,,,"6PC,6PC","6PC,6PC",,,"6PC,6PC",
357,,,"4PC,5PC","4PC,5PC",,,,,,,,
358,,,,,,,,,"4PC,4PC",,,"4PC,4PC"
360,,,"4PC,4PC",,,,,,"4PC,4PC",,"4PC,4PC",
362,,,,,,,,,,"5PC,5PC","5PC,5PC","5PC,5PC"
363,,,,,,"3PC,6PC",,"3PC,6PC",,,"3PC,6PC",
365,,,,,,,"4PC,4PC","4PC,4PC","4PC,4PC",,,
366,,,,"5PC,6PC",,"5PC,6PC","5PC,6PC",,,,,
367,,,,,,,,"6PC,6PC","6PC,6PC","6PC,6PC",,
369,,,,,,,,,,"4PC,3PC","4PC,3PC","4PC,3PC"
370,,,,,,"5PC,5PC","5PC,5PC",,,,,
371,,,,"6PC,5PC",,,,,,,,
372,,,,,,,,"6PC,6PC","6PC,6PC","6PC,6PC",,
373,,,,"6PC,5PC",,,,,,,"6PC,5PC","6PC,5PC"
374,,,,,,,"4PC,4PC","4PC,4PC","4PC,4PC",,,
375,,,,"3PC,4PC",,,,,,,,
376,,,"6PC,4PC",,,"6PC,4PC",,,,,"6PC,4PC",
377,,,"6PC,6PC",,,,"6PC,6PC",,,,,
378,,,,,,,,,"5PC,6PC","5PC,6PC","5PC,6PC",
379,,,,"4PC,4PC",,,,"4PC,4PC",,,"4PC,4PC",
380,,,,"4PC,5PC",,,,,,,,
381,,,,,,,,,,,"5PC,4PC","5PC,4PC"
382,,,"4PC,4PC",,,,,,"4PC,4PC","4PC,4PC",,
383,,,,"6PC,6PC",,,,,,,,
386,,,,"6PC,4PC",,,"6PC,4PC","6PC,4PC",,,,
387,,,,,,,,,"5PC,4PC",,,
388,,,,,,,,"3PC,5PC",,,,
389,,,,"4PC,4PC",,,,,,,,
391,,,,,,,,"3PC,3PC","3PC,3PC","3PC,3PC",,
392,,,,,,,,,,"3PC,4PC","3PC,4PC","3PC,4PC"
393,,,,,,"6PC,6PC","6PC,6PC","6PC,6PC",,,,
394,,,,,,"6PC,4PC",,,,"6PC,4PC",,
395,,,,"4PC,6PC",,,,,,,,
396,,,,"4PC,5PC",,,,,,,,"4PC,5PC"
397,,,,,,,,,"6PC,6PC","6PC,6PC","6PC,6PC",
399,,,,,,"6PC,4PC","6PC,4PC",,,,,
400,,,"4PC,4PC","4PC,4PC",,,,,,,,
402,,,"6PC,5PC",,,"6PC,5PC","6PC,5PC",,,,,
404,,,,"5PC,4PC",,,,,"5PC,4PC",,"5PC,4PC",
405,,,,,,,,"4PC,5PC",,,,
406,,,"4PC,4PC",,,"4PC,4PC",,,,,,"4PC,4PC"
407,,,,"4PC,6PC",,"4PC,6PC","4PC,6PC",,,,,
408,,,,"6PC,3PC",,,,"6PC,3PC",,,,
409,,,"6PC,4PC","6PC,4PC",,"6PC,4PC",,,,,,
410,,,"4PC,3PC","4PC,3PC",,"4PC,3PC",,,,,,
411,,,,,,,"3PC,4PC","3PC,4PC","3PC,4PC",,,
414,,,,,,,,,"6PC,4PC",,,
415,,,,,,,,,,,,"3PC,6PC"
417,,,,,,,,,"6PC,6PC",,,
419,,,,,,,"4PC,6PC","4PC,6PC","4PC,6PC",,,
420,,,"6PC,5PC","6PC,5PC",,,"6PC,5PC",,,,,
421,,,,,,,,"3PC,3PC","3PC,3PC",,,
422,,,,,,,"5PC,6PC","5PC,6PC",,,"5PC,6PC",
425,,,,,,,,,,"6PC,6PC","6PC,6PC","6PC,6PC"
427,,,,,,,"6PC,5PC",,,"6PC,5PC",,
428,,,,"4PC,4PC",,,"4PC,4PC","4PC,4PC",,,,
429,,,"6PC,5PC",,,"6PC,5PC","6PC,5PC",,,,,
430,,,,,,,,,"6PC,6PC","6PC,6PC","6PC,6PC",
431,,,,"4PC,6PC",,"4PC,6PC","4PC,6PC",,,,,
433,,,,,,,"6PC,5PC",,,"6PC,5PC",,"6PC,5PC"
434,,,,,,,,,"6PC,5PC","6PC,5PC","6PC,5PC",
436,,,,,,,,,,,,"4PC,4PC"
437,,,"6PC,5PC",,,,,,,,,
438,,,,,,,,"6PC,5PC",,,"6PC,5PC","6PC,5PC"
439,,,,"6PC,4PC",,,,,,"6PC,4PC","6PC,4PC",
440,,,,,,,,,"4PC,4PC",,,
441,,,,,,"6PC,4PC","6PC,4PC",,,,,"6PC,4PC"
442,,,,,,,,,"6PC,6PC","6PC,6PC",,
443,,,"4PC,5PC","4PC,5PC",,,,,,,,
446,,,,,,"6PC,4PC",,,,"6PC,4PC","6PC,4PC",
447,,,,,,"6PC,3PC",,,,,,
448,,,,,,"6PC,6PC",,,"6PC,6PC","6PC,6PC",,
449,,,,,,,,,"4PC,5PC","4PC,5PC","4PC,5PC",
450,,,,"6PC,4PC",,"6PC,4PC",,,,,"6PC,4PC",
451,,,,,,,,,"4PC,3PC",,,
452,,,"5PC,4PC","5PC,4PC",,,,,,,"5PC,4PC",
453,,,,,,,"6PC,5PC","6PC,5PC","6PC,5PC",,,
454,,,,,,"5PC,5PC","5PC,5PC",,,,"5PC,5PC",
455,,,,"6PC,3PC",,,"6PC,3PC",,,,,
456,,,,,,,,,,,"3PC,4PC",
460,,,,,,,"3PC,3PC","3PC,3PC","3PC,3PC",,,
461,,,"6PC,5PC",,,,,,,,,"6PC,5PC"
462,,,,,,"5PC,6PC","5PC,6PC","5PC,6PC",,,,
463,,,,,,,,,"6PC,4PC","6PC,4PC","6PC,4PC",
464,,,,,,,,"3PC,4PC","3PC,4PC",,"3PC,4PC",
465,,,,,,"4PC,4PC",,,,"4PC,4PC","4PC,4PC",
466,,,"6PC,5PC","6PC,5PC",,"6PC,5PC",,,,,,
467,,,,,,,"4PC,6PC",,,"4PC,6PC","4PC,6PC",
468,,,,"4PC,4PC",,"4PC,4PC",,,,,,
469,,,,,,,,,,"4PC,4PC","4PC,4PC","4PC,4PC"
470,,,,,,"4PC,4PC",,,"4PC,4PC",,,"4PC,4PC"
471,,"3PC,4PC",,"3PC,4PC",,,,,,,,
472,,,"5PC,4PC","5PC,4PC",,,"5PC,4PC",,,,,
473,,,,,,"4PC,3PC","4PC,3PC",,,"4PC,3PC",,
474,,,,,,,,,"3PC,4PC",,,
475,,,"4PC,5PC",,,,,"4PC,5PC",,,"4PC,5PC",
476,,,"4PC,5PC","4PC,5PC",,,,,,,,"4PC,5PC"
477,,,,,,"3PC,4PC","3PC,4PC","3PC,4PC",,,,
478,,,,"3PC,4PC",,,,,,,,
479,,,,,,,,"3PC,6PC","3PC,6PC","3PC,6PC",,
480,,,,,,,,,"6PC,5PC","6PC,5PC","6PC,5PC",
481,,,"6PC,5PC",,,,,"6PC,5PC",,"6PC,5PC",,
482,,,,,,"3PC,4PC","3PC,4PC",,,,,
484,,,,,,,,,,"3PC,4PC","3PC,4PC","3PC,4PC"
485,,,"4PC,5PC",,,,,,,"4PC,5PC","4PC,5PC",
486,,,,,,,,,,"3PC,4PC",,
487,,,,,,,,,,"6PC,5PC",,
489,,,"4PC,6PC","4PC,6PC",,"4PC,6PC",,,,,,
490,,,,,,,,,,"6PC,6PC","6PC,6PC",
491,,,,,,,,,,"5PC,4PC",,
492,,,,,,,,,,,,"6PC,5PC"
493,,,,"3PC,3PC",,,,,,,,
495,,,,"6PC,5PC",,"6PC,5PC","6PC,5PC",,,,,
496,,,,"5PC,4PC",,"5PC,4PC","5PC,4PC",,,,,
499,,,,,,,,,,"4PC,3PC",,
501,,,,,,,,,"4PC,5PC",,,
502,,,,,,,"3PC,3PC",,,,,"3PC,3PC"
503,,,,,,,,,"5PC,6PC","5PC,6PC","5PC,6PC",
504,,,"4PC,6PC","4PC,6PC",,"4PC,6PC",,,,,,
505,,,,,,"4PC,5PC",,,,"4PC,5PC",,"4PC,5PC"
506,,,,,,,,,,,,"6PC,5PC"
507,,,,,,"6PC,5PC",,,,"6PC,5PC","6PC,5PC",
509,,,,,,,,,,,"4PC,6PC","4PC,6PC"
512,,,,,,,,,,"6PC,4PC","6PC,4PC","6PC,4PC"
514,,,"4PC,6PC",,,,,,,,,
515,,,,,,,"5PC,6PC","5PC,6PC",,"5PC,6PC",,
516,,,,"2PC,2PC",,,,,,,,
517,,,"6PC,5PC","6PC,5PC",,,,"6PC,5PC",,,,
518,,,,,,"4PC,5PC","4PC,5PC","4PC,5PC",,,,
519,,,,,,,,,,"6PC,6PC",,
520,,,,,,"6PC,5PC","6PC,5PC","6PC,5PC",,,,
521,,,,,,,,,,,"5PC,5PC","5PC,5PC"
523,,,,,,"5PC,6PC",,,,,"5PC,6PC","5PC,6PC"
524,,,,,,,,,,"4PC,6PC","4PC,6PC","4PC,6PC"
526,,,,,,,"3PC,4PC","3PC,4PC",,,"3PC,4PC",
527,,,,"4PC,4PC",,,,,,,"4PC,4PC","4PC,4PC"
528,,,,,,,,,"4PC,5PC","4PC,5PC",,
529,,,,,,,,,"4PC,4PC","4PC,4PC","4PC,4PC",
530,,,"2PC,2PC","2PC,2PC",,,,,,,,
532,,,,,,,"4PC,4PC","4PC,4PC","4PC,4PC",,,
533,,,,,,,,,"3PC,4PC","3PC,4PC","3PC,4PC",
534,,,,,,"6PC,4PC","6PC,4PC",,,,,
535,,,,,,,,,,"6PC,4PC","6PC,4PC","6PC,4PC"
537,,,,,,,,,,"5PC,6PC","5PC,6PC","5PC,6PC"
538,,,"6PC,5PC",,,,,,,,,
539,,,,,,,"4PC,5PC",,,,,
540,,,,,,,,"3PC,3PC","3PC,3PC","3PC,3PC",,
541,,,,"4PC,5PC",,"4PC,5PC","4PC,5PC",,,,,
542,,,,,,,,,,"4PC,6PC","4PC,6PC","4PC,6PC"
543,,,"6PC,6PC","6PC,6PC",,,,,,,,
544,,,,,,,"4PC,5PC","4PC,5PC",,"4PC,5PC",,
546,,,"4PC,6PC",,,"4PC,6PC",,"4PC,6PC",,,,
548,,,"4PC,4PC","4PC,4PC",,,,,,,"4PC,4PC",
549,,,"3PC,3PC","3PC,3PC",,,,"3PC,3PC",,,,
550,,,"6PC,4PC",,,,,,,,"6PC,4PC","6PC,4PC"
551,,,"6PC,4PC",,,,,"6PC,4PC","6PC,4PC",,,
552,,,,,,,,,"4PC,5PC",,"4PC,5PC","4PC,5PC"
553,,,,,,,,,,,"4PC,4PC","4PC,4PC"
554,,,,,,,,"4PC,4PC","4PC,4PC","4PC,4PC",,
555,,,,,,,,,,,"5PC,6PC","5PC,6PC"
556,,,"5PC,5PC",,,,,,,,,"5PC,5PC"
557,,,,,,,,,,,,"5PC,4PC"
559,,,"6PC,6PC",,,,,,,,,
560,,,,,,,,,"4PC,5PC","4PC,5PC","4PC,5PC",
561,,,,,,,"6PC,6PC","6PC,6PC","6PC,6PC",,,
562,,,"5PC,4PC","5PC,4PC",,,,,,"5PC,4PC",,
563,,,"5PC,4PC","5PC,4PC",,"5PC,4PC",,,,,,
565,,,,,,,,,,,"3PC,4PC","3PC,4PC"
566,,,,,,,,,"4PC,5PC","4PC,5PC","4PC,5PC",
567,,,,,,,"6PC,6PC","6PC,6PC","6PC,6PC",,,
568,,,"4PC,3PC","4PC,3PC",,"4PC,3PC",,,,,,
569,,,,,,"3PC,4PC","3PC,4PC","3PC,4PC",,,,
570,,,"4PC,3PC","4PC,3PC",,,,,,,,
571,,,"4PC,6PC","4PC,6PC",,"4PC,6PC",,,,,,
572,,,,,,,,,"4PC,4PC","4PC,4PC","4PC,4PC",
573,,,,,,"4PC,5PC",,,,"4PC,5PC","4PC,5PC",
576,,,"6PC,5PC",,,,,"6PC,5PC",,,"6PC,5PC",
577,,,,,,,,,"3PC,3PC","3PC,3PC",,
578,,,,"6PC,4PC",,"6PC,4PC","6PC,4PC",,,,,
580,,,,"4PC,6PC",,"4PC,6PC","4PC,6PC",,,,,
581,,,,,,,"3PC,4PC","3PC,4PC","3PC,4PC",,,
582,,,"5PC,6PC",,,,,"5PC,6PC",,"5PC,6PC",,
584,,,"4PC,5PC",,,,,,,,"4PC,5PC","4PC,5PC"
585,,,,,,,,,"6PC,5PC","6PC,5PC","6PC,5PC",
586,,,"4PC,4PC",,,,,,,,"4PC,4PC","4PC,4PC"
587,,,,,,,,,,,,"5PC,6PC"
588,,,"6PC,5PC","6PC,5PC",,,,,,,"6PC,5PC",
589,,,,,,"3PC,4PC","3PC,4PC",,,,,
590,,,"6PC,6PC",,,,,,,,,
591,,,,,,"6PC,4PC",,,,,"6PC,4PC","6PC,4PC"
592,,,,,,"3PC,4PC","3PC,4PC",,,,,
593,,,,,,"4PC,4PC",,"4PC,4PC",,,,
595,,,,,,,,,,"6PC,5PC","6PC,5PC","6PC,5PC"
596,,,,"6PC,6PC",,,,"6PC,6PC",,"6PC,6PC",,
597,,,,,,,,,,"6PC,5PC",,
598,,,,,,,,,"5PC,4PC","5PC,4PC",,
599,,,,,,,,,"6PC,5PC",,"6PC,5PC","6PC,5PC"
600,,,,,,"6PC,4PC",,,"6PC,4PC","6PC,4PC",,
601,,,,"4PC,6PC",,,,"4PC,6PC","4PC,6PC",,,
603,,,,,,"6PC,5PC","6PC,5PC",,,,"6PC,5PC",
605,,,,,,,"4PC,4PC","4PC,4PC","4PC,4PC",,,
607,,,,,,"5PC,4PC","5PC,4PC","5PC,4PC",,,,
608,,,,"4PC,6PC",,"4PC,6PC",,,"4PC,6PC",,,
610,,,"4PC,6PC","4PC,6PC",,"4PC,6PC",,,,,,
611,,,,,,"3PC,3PC",,,"3PC,3PC",,,"3PC,3PC"
612,,,"3PC,3PC","3PC,3PC",,,,"3PC,3PC",,,,
614,,,,,,,,,,"5PC,5PC","5PC,5PC",
615,,,,,,,,,"4PC,5PC","4PC,5PC","4PC,5PC",
616,,,"5PC,4PC","5PC,4PC",,"5PC,4PC",,,,,,
617,,,,,,,,,"4PC,5PC","4PC,5PC","4PC,5PC",
618,,,"6PC,6PC",,,,,,,,"6PC,6PC","6PC,6PC"
620,,,,,,,,"6PC,4PC","6PC,4PC","6PC,4PC",,
621,,,,,,,,,,,"4PC,4PC","4PC,4PC"
622,,,,,,,"4PC,5PC",,,,"4PC,5PC","4PC,5PC"
624,,,,,,,,,,,"5PC,4PC","5PC,4PC"
625,,,,,,,,,,"6PC,4PC","6PC,4PC","6PC,4PC"
626,,,"4PC,6PC",,,,,,,,,
627,,,,,,,,,,"5PC,6PC","5PC,6PC","5PC,6PC"
628,,,"4PC,4PC",,,"4PC,4PC","4PC,4PC",,,,,
629,,,,,,,,,,"3PC,6PC","3PC,6PC","3PC,6PC"
632,,,"5PC,6PC",,,,,,,"5PC,6PC","5PC,6PC",
634,,,,,,"6PC,4PC",,"6PC,4PC",,,"6PC,4PC",
636,,,,,,,"4PC,5PC",,,,,
637,,,,"6PC,5PC",,"6PC,5PC",,,,"6PC,5PC",,
638,,,,"6PC,5PC",,,"6PC,5PC",,"6PC,5PC",,,
639,,,,"3PC,4PC",,"3PC,4PC","3PC,4PC",,,,,
640,,,,"5PC,6PC",,,,,,,"5PC,6PC","5PC,6PC"
642,,,"6PC,6PC","6PC,6PC",,,,"6PC,6PC",,,,
643,,,,,,,,"4PC,6PC","4PC,6PC","4PC,6PC",,
644,,,"6PC,4PC",,,,,"6PC,4PC",,,"6PC,4PC",
646,,,,,,,"4PC,4PC","4PC,4PC","4PC,4PC",,,
648,,,,,,,,,,"4PC,6PC","4PC,6PC","4PC,6PC"
649,,,,"6PC,5PC",,"6PC,5PC",,,,,,"6PC,5PC"
650,,,,,,"6PC,5PC","6PC,5PC","6PC,5PC",,,,
651,,,"5PC,4PC","5PC,4PC",,"5PC,4PC",,,,,,
653,,,,,,"4PC,4PC","4PC,4PC",,,,"4PC,4PC",
654,,,,,,,,,,"5PC,6PC","5PC,6PC","5PC,6PC"
655,,,,,,,"5PC,5PC","5PC,5PC","5PC,5PC",,,
656,,,"4PC,6PC",,,,"4PC,6PC","4PC,6PC",,,,
657,,,"6PC,6PC","6PC,6PC",,,,,,,,
658,,,,,,,,,,"6PC,6PC","6PC,6PC","6PC,6PC"
659,,,"3PC,4PC","3PC,4PC",,,,,,,"3PC,4PC",
660,,,,,,,,"6PC,4PC","6PC,4PC","6PC,4PC",,
661,,,"4PC,4PC",,,,,,,,,"4PC,4PC"
662,,,"5PC,3PC","5PC,3PC",,"5PC,3PC",,,,,,
663,,,"4PC,6PC","4PC,6PC",,,,"4PC,6PC",,,,
664,,,,,,,,"5PC,4PC","5PC,4PC","5PC,4PC",,
665,,,,,,,,"2PC,4PC","2PC,4PC",,,
666,,,,,,,,,,"3PC,4PC","3PC,4PC",
667,,,,,,,,,,,"4PC,6PTS",
668,,,,,,,"4PC,3PC","4PC,3PC",,,"4PC,3PC",
669,,"2PC,2PC",,,,,,"2PC,2PC",,,,
670,,,,,,,,,,"6PC,4PC","6PC,4PC","6PC,4PC"
671,,,"3PC,4PC",,,,,,,,"3PC,4PC","3PC,4PC"
673,,,,"6PC,5PC",,,,"6PC,5PC","6PC,5PC",,,
674,,,,,,"4PC,5PC","4PC,5PC","4PC,5PC",,,,
676,,,,,,,"6PC,6PC","6PC,6PC","6PC,6PC",,,
677,,,,,,,,"5PC,4PC","5PC,4PC","5PC,4PC",,
678,,,"6PC,5PC",,,,,"6PC,5PC","6PC,5PC",,,
679,,,,,,,,,,"3PC,4PC","3PC,4PC","3PC,4PC"
680,,,,,,,,,"3PC,3PC","3PC,3PC","3PC,3PC",
681,,,,,,"6PTS,6PTS",,,,,,
683,,,,,,,,,"4PC,3PC",,"4PC,3PC","4PC,3PC"
684,,,,,,,"6PC,5PC","6PC,5PC","6PC,5PC",,,
685,,,,"6PTS,4PC",,,,,,,,
686,,,,,,,"6PC,6PC",,,,,
687,,,,,,,,,,"6PC,6PC",,"6PC,6PC"
688,,,,,,,,"4PC,4PC","4PC,4PC",,,
689,,,"3PC,3PC","3PC,3PC",,,,,,,"3PC,3PC",
690,,,"4PC,4PC","4PC,4PC",,,,,,,,"4PC,4PC"
691,,,,,,,,,,"6PC,5PC","6PC,5PC",
692,,,,,,,"4PC,5PC","4PC,5PC","4PC,5PC",,,
693,,,,"3PC,4PC",,,,,,,,"3PC,4PC"
694,,,,,,"6PC,5PC",,"6PC,5PC","6PC,5PC",,,
697,,,"3PC,6PTS",,,,,,,,,
699,,,,"4PC,5PC",,"4PC,5PC","4PC,5PC",,,,,
701,,,,,,,,,,,"3PC,4PC","3PC,4PC"
702,,,"5PC,4PC","5PC,4PC",,,"5PC,4PC",,,,,
704,,,,"6PC,5PC",,,,"6PC,5PC","6PC,5PC",,,
705,,,"6PC,5PC","6PC,5PC",,"6PC,5PC",,,,,,
706,,,,,,,,,,"6PC,4PC","6PC,4PC","6PC,4PC"
707,,,"3PC,6PC",,,,,,,"3PC,6PC","3PC,6PC",
708,,,"6PTS,3PC","6PTS,3PC",,"6PTS,3PC",,,,,,
710,,,,,,,,,,,"3PC,3PC","3PC,3PC"
711,,,,,,,,,,"4PC,3PC","4PC,3PC","4PC,3PC"
712,,,,,,,,,,,"4PC,4PC",
713,,,,,,"6PC,4PC","6PC,4PC",,,,,"6PC,4PC"
714,,,,,,,,,,"6PC,5PC","6PC,5PC","6PC,5PC"
716,,,,,,"4PC,5PC","4PC,5PC","4PC,5PC",,,,
717,,,,,,,"4PC,3PC","4PC,3PC",,"4PC,3PC",,
718,,,"6PTS,6PTS","6PTS,6PTS",,,,,,,,
719,,,"6PC,4PC","6PC,4PC",,,,,,,,
721,,,,,,,,"6PC,5PC","6PC,5PC",,,
722,,,"4PC,5PC",,,,,"4PC,5PC",,,"4PC,5PC",
723,,,"6PC,4PC","6PC,4PC",,,,,,,,
724,,,"6PC,5PC","6PC,5PC",,"6PC,5PC",,,,,,
725,,,,,,,,,,"3PC,3PC","3PC,3PC","3PC,3PC"
727,,,"3PC,3PC",,,,,,,,,
728,,,,"5PC,6PC",,,"5PC,6PC",,,,,
729,,,,,,,,,,"6PC,6PC",,
730,,,,"6PC,5PC",,,,,,"6PC,5PC","6PC,5PC",
731,,,"6PC,5PC","6PC,5PC",,"6PC,5PC",,,,,,
732,,,,,,,,,,"3PC,6PC","3PC,6PC",
733,,,,,,,,,,"6PC,5PC","6PC,5PC","6PC,5PC"
735,"3PC,3PC",,,"3PC,3PC",,"3PC,3PC",,,,,,
736,,,,"4PC,4PC",,,,,,,,
737,,,,"5PC,6PC",,"5PC,6PC",,,,,,
739,,,"4PC,2PC","4PC,2PC",,"4PC,2PC",,,,,,
741,,,,,,,,"4PC,6PC",,,,
742,,,,"6PC,6PC",,,,,,,,
743,,,"3PC,3PC","3PC,3PC",,,,,,,,
744,,,,,,"4PC,5PC","4PC,5PC","4PC,5PC",,,,
745,,,"4PC,6PTS","4PC,6PTS",,"4PC,6PTS",,,,,,
746,,,,,,,,,,,"4PC,5PC","4PC,5PC"
747,,,,"6PTS,6PC",,"6PTS,6PC",,,,,,
749,,,,,,,,,,,"4PC,4PC","4PC,4PC"
750,,,,,,,,,"6PC,5PC","6PC,5PC","6PC,5PC",
753,,,,,,,,,,"6PC,4PC","6PC,4PC","6PC,4PC"
754,,,,,,,,,,"3PC,3PC","3PC,3PC","3PC,3PC"
756,,,,,,,,,,,"6PC,5PC","6PC,5PC"
757,,,,,,,,"5PC,6PC","5PC,6PC","5PC,6PC",,
758,,,"6PC,6PC","6PC,6PC",,,,,,,,
759,,,"3PC,4PC","3PC,4PC",,,,,,,,
760,,,,,,"4PC,5PC","4PC,5PC","4PC,5PC",,,,
761,,,,,,,,,"6PC,5PC","6PC,5PC","6PC,5PC",
762,,,,"5PC,6PC",,,"5PC,6PC",,,,,
763,,,,"6PC,5PC",,"6PC,5PC","6PC,5PC",,,,,
766,,,"5PC,6PC","5PC,6PC",,,,,,,,
767,,,"4PC,6PC","4PC,6PC",,"4PC,6PC",,,,,,
768,,,"3PC,4PC","3PC,4PC",,,,,,,,
769,,,,,,"6PTS,6PTS",,,,,,
770,,,,,,,"6PC,6PC","6PC,6PC","6PC,6PC",,,
771,,,,"3PC,3PC",,"3PC,3PC","3PC,3PC",,,,,
772,,,,,,,,,,"6PC,6PC","6PC,6PC","6PC,6PC"
773,,,,,,,,,,,"4PC,5PC","4PC,5PC"
774,,,,,,"6PC,6PC",,"6PC,6PC",,,"6PC,6PC",
775,,,,,,,,,,,,"5PC,5PC"
776,,,"4PC,6PC",,,,,,"4PC,6PC","4PC,6PC",,
779,,,"4PC,3PC","4PC,3PC",,,,"4PC,3PC",,,,
780,,"4PC,4PC","4PC,4PC",,,,,,,,,"4PC,4PC"
781,,,"5PC,3PC","5PC,3PC",,,,,,,"5PC,3PC",
782,,,"4PC,5PC","4PC,5PC",,,,,"4PC,5PC",,,
783,,,,,,"4PC,5PC","4PC,5PC",,,,,
784,,,,,,,,"6PC,4PC","6PC,4PC","6PC,4PC",,
785,,,"4PC,4PC","4PC,4PC",,"4PC,4PC",,,,,,
787,,,,,,,,,,"5PC,6PC","5PC,6PC","5PC,6PC"
788,,,,"6PC,6PC",,,,"6PC,6PC","6PC,6PC",,,
790,,,,"5PC,6PC",,,,,,,,
791,,,"6PC,6PC",,,,,,,,,
793,,"3PC,4PC","3PC,4PC","3PC,4PC",,,,,,,,
794,,,,,,"6PC,5PC",,,,"6PC,5PC",,"6PC,5PC"
796,,,,,,"4PC,4PC",,"4PC,4PC",,,,
797,,,,,,,"6PC,5PC",,,,,
798,,,,"6PC,5PC",,"6PC,5PC",,,"6PC,5PC",,,
799,,,,,,"4PC,3PC","4PC,3PC",,,"4PC,3PC",,
800,,,,"4PC,6PC",,"4PC,6PC",,,,,,"4PC,6PC"
801,,,,,,"4PC,3PC","4PC,3PC","4PC,3PC",,,,
803,,,"6PC,5PC","6PC,5PC",,,,,,,"6PC,5PC",
804,,,,,,"3PC,4PC",,,,,,"3PC,4PC"
805,,,,"6PC,5PC",,,,,,,,
807,,,"3PC,4PC",,,,,,,,"3PC,4PC","3PC,4PC"
809,,,"6PC,4PC",,,,,,,,"6PC,4PC","6PC,4PC"
810,,,"3PC,6PC","3PC,6PC",,,"3PC,6PC",,,,,
811,,,,,,,,"6PC,6PC","6PC,6PC",,,
812,,,,,,,,,,,,"6PC,4PC"
813,,,,,,"6PC,5PC","6PC,5PC","6PC,5PC",,,,
814,,,"3PC,3PC",,,,,"3PC,3PC",,"3PC,3PC",,
815,,"4PC,4PC","4PC,4PC","4PC,4PC",,,,,,,,
816,,,,"6PTS,4PC",,,,,,,,
817,"2PC,3PC","2PC,3PC",,,,,,,,,,
818,,,,,,,,,,"3PC,3PC","3PC,3PC","3PC,3PC"
819,,,"6PTS,6PTS","6PTS,6PTS",,,,,,,,
820,,,,,,"6PC,4PC",,"6PC,4PC",,,"6PC,4PC",
821,,,,,,,,,,"5PC,6PC","5PC,6PC","5PC,6PC"
823,"2PC,3PC",,,"2PC,3PC",,"2PC,3PC",,,,,,
824,,,,,,,,,,,"6PC,3PC","6PC,3PC"
825,,,,,,,,"6PC,2PC","6PC,2PC",,,
826,,"3PC,4PC","3PC,4PC","3PC,4PC",,,,,,,,
827,,,,,,,,,,,"4PC,6PC","4PC,6PC"
829,,,"4PC,4PC",,,,,,,,"4PC,4PC","4PC,4PC"
830,,,,,,,,,,"4PC,4PC","4PC,4PC","4PC,4PC"
832,,,,,,,,,"3PC,4PC","3PC,4PC","3PC,4PC",
833,,,,"4PC,6PC",,"4PC,6PC",,,,,,
834,,,"5PC,6PC",,,,"5PC,6PC",,,,,"5PC,6PC"
835,,,,,,,,,,"4PC,3PC","4PC,3PC",
836,,,,,,"5PC,4PC","5PC,4PC",,,,"5PC,4PC",
837,,,,"4PC,3PC","4PC,3PC","4PC,3PC",,,,,,
838,,,,,,,,,,"6PC,5PC","6PC,5PC","6PC,5PC"
839,,,,"4PC,6PC",,"4PC,6PC","4PC,6PC",,,,,
840,,,,"4PC,4PC",,"4PC,4PC","4PC,4PC",,,,,
842,,,"4PC,4PC",,,,,,,,,
843,,,"3PC,4PC","3PC,4PC",,"3PC,4PC",,,,,,
844,,,,"6PC,5PC",,"6PC,5PC","6PC,5PC",,,,,
847,,,"3PC,4PC","3PC,4PC",,,,,,,,
848,,,,,,,,,,,"6PC,5PC","6PC,5PC"
850,,,"3PC,4PC",,,,"3PC,4PC",,,,,"3PC,4PC"
851,,,,,,"4PC,4PC","4PC,4PC","4PC,4PC",,,,
853,,,,,,"4PC,3PC","4PC,3PC",,,"4PC,3PC",,
854,,,,,,"4PC,4PC",,,"4PC,4PC","4PC,4PC",,
856,,,"4PC,4PC","4PC,4PC",,"4PC,4PC",,,,,,
858,,,,,,,,,"4PC,4PC",,,
859,,,,"3PC,4PC","3PC,4PC",,,,,,,
861,,,,,,"5PC,6PC",,,,"5PC,6PC","5PC,6PC",
862,,,,,,"6PC,4PC","6PC,4PC",,,,,
863,,,,,,,"6PC,3PC",,,,"6PC,3PC",
864,,,,"5PC,6PC",,,"5PC,6PC",,,,,
865,,,"6PC,4PC","6PC,4PC",,,,,,"6PC,4PC",,
866,,,"6PC,5PC","6PC,5PC",,"6PC,5PC",,,,,,
867,"2PC,2PC","2PC,2PC","2PC,2PC",,,,,,,,,
868,,,"2PC,4PC","2PC,4PC",,"2PC,4PC",,,,,,
870,,,"4PC,4PC","4PC,4PC",,,,,,,,
871,,,,,,,"4PC,6PC","4PC,6PC",,,"4PC,6PC",
873,,,,"6PC,4PC",,,,"6PC,4PC",,,,
875,,,,,,,"6PC,4PC",,,"6PC,4PC","6PC,4PC",
877,,,"4PC,5PC","4PC,5PC",,,"4PC,5PC",,,,,
878,,,,,,,,,,"4PC,5PC",,
879,,,,,,,,,,"5PC,4PC","5PC,4PC","5PC,4PC"
880,,,,,,"6PC,5PC",,,,"6PC,5PC","6PC,5PC",
881,,"4PC,4PC","4PC,4PC",,,,,,,,,
882,,,"4PC,4PC",,,,,"4PC,4PC",,,,
883,,,,"4PC,6PTS",,"4PC,6PTS",,,,,"4PC,6PTS",
885,,,,"6PC,5PC",,,,,"6PC,5PC",,,"6PC,5PC"
886,,,"4PC,5PC","4PC,5PC",,"4PC,5PC",,,,,,
887,,,"3PC,3PC",,,,,,,,"3PC,3PC","3PC,3PC"
888,,,,,,"4PC,5PC","4PC,5PC","4PC,5PC",,,,
889,,,"6PTS,6PTS",,,"6PTS,6PTS",,,,,,
891,,,,,,,,,,"4PC,4PC","4PC,4PC","4PC,4PC"
892,,"3PC,2PC","3PC,2PC","3PC,2PC",,,,,,,,
893,,,"3PC,4PC","3PC,4PC",,,,,,,,
894,,,,"3PC,3PC","3PC,3PC","3PC,3PC",,,,,,
896,,,"5PC,6PC","5PC,6PC",,"5PC,6PC",,,,,,
897,,,"6PC,4PC","6PC,4PC",,"6PC,4PC",,,,,,
898,,,,,,,,"4PC,2PC","4PC,2PC","4PC,2PC",,
900,,,,,,,"4PC,5PC","4PC,5PC","4PC,5PC",,,
901,,,,,,,,,"4PC,5PC","4PC,5PC",,
902,,,,,,,,,"2PC,3PC","2PC,3PC","2PC,3PC",
904,,,"6PC,6PC","6PC,6PC",,,,"6PC,6PC",,,,
906,,,,,,,"6PC,5PC",,,,,
907,,"4PC,4PC",,,,"4PC,4PC",,"4PC,4PC",,,,
909,,,,"6PC,5PC",,"6PC,5PC","6PC,5PC",,,,,
911,,,,,,,,,"6PC,6PC",,,
912,,,,,,,,,,"6PC,6PC",,
913,,,,,,"4PC,5PC",,,"4PC,5PC","4PC,5PC",,
914,,,,"6PC,6PC",,,,,"6PC,6PC","6PC,6PC",,
915,,,,,,,,,,,"4PC,5PC","4PC,5PC"
916,,,"6PC,5PC","6PC,5PC",,,,,,,,"6PC,5PC"
917,,,"4PC,5PC","4PC,5PC",,"4PC,5PC",,,,,,
918,,,"4PC,5PC",,,,,,,,,
919,,,"6PC,4PC","6PC,4PC",,,,"6PC,4PC",,,,
920,,,"6PC,6PTS","6PC,6PTS",,,,,,"6PC,6PTS",,
922,,,,,,"4PC,4PC",,,"4PC,4PC",,,"4PC,4PC"
924,,,,"6PC,6PC",,"6PC,6PC",,"6PC,6PC",,,,
925,,,,,,,,,,,"4PC,4PC","4PC,4PC"
926,,,,,,"3PC,3PC","3PC,3PC",,,"3PC,3PC",,
927,,,"3PC,4PC",,,,,,,,,
928,,"6PC,6PC","6PC,6PC","6PC,6PC",,,,,,,,
929,,,,,,,,,"6PTS,4PC","6PTS,4PC","6PTS,4PC",
930,,,,"6PC,5PC",,,,,,,,
931,,,,,,,,,,"6PC,5PC",,
932,,,"6PC,5PC",,,"6PC,5PC",,,,,"6PC,5PC",
933,,"3PC,3PC","3PC,3PC",,,,,"3PC,3PC",,,,
934,,,"4PC,6PC",,,,"4PC,6PC","4PC,6PC",,,,
935,,,,,,"6PC,6PC","6PC,6PC","6PC,6PC",,,,
936,,,,,,,,,,"4PC,3PC","4PC,3PC","4PC,3PC"
937,,,,,,,,"6PC,6PC","6PC,6PC","6PC,6PC",,
938,,,,,,,,,"3PC,4PC","3PC,4PC",,"3PC,4PC"
939,,,,"4PC,4PC",,"4PC,4PC",,,,,,
940,,,,,,"4PC,3PC",,,,"4PC,3PC","4PC,3PC",
942,,,"4PC,3PC","4PC,3PC",,"4PC,3PC",,,,,,
943,,,,,,,,,,,"4PC,6PTS",
944,,,,,,,"6PC,5PC","6PC,5PC",,,,
945,,,,,,,,,,"5PC,5PC","5PC,5PC",
946,,,,,,,,,,"3PC,4PC","3PC,4PC","3PC,4PC"
947,,,,,,,,,"6PC,4PC",,"6PC,4PC","6PC,4PC"
948,,,,,,,,,,"6PC,5PC",,
949,,,"4PC,4PC",,,,,,"4PC,4PC","4PC,4PC",,
950,,,"5PC,6PC","5PC,6PC",,,,,,"5PC,6PC",,
951,,,"2PC,2PC","2PC,2PC",,,,,,,,
954,,,"4PC,3PC","4PC,3PC",,"4PC,3PC",,,,,,
955,,,,,,,,,"6PC,5PC","6PC,5PC","6PC,5PC",
956,,,,,,"4PC,4PC","4PC,4PC",,,,,"4PC,4PC"
958,,,"6PTS,6PTS","6PTS,6PTS",,,,,,,"6PTS,6PTS",
959,,,"3PC,3PC",,,,,,,"3PC,3PC",,"3PC,3PC"
960,,,"6PC,5PC",,,,"6PC,5PC",,,,,
961,,"3PC,2PC",,"3PC,2PC",,,,,,,,
962,,,,,,,"4PC,6PC","4PC,6PC",,"4PC,6PC",,
963,,,,,,,,,,"6PC,6PC","6PC,6PC","6PC,6PC"
967,,,,,,"4PC,2PC",,,,"4PC,2PC",,"4PC,2PC"
968,,,,,,,,,,"4PC,2PC","4PC,2PC","4PC,2PC"
969,,,,,,,,,,"6PC,6PTS","6PC,6PTS",
970,,,"6PC,5PC","6PC,5PC",,"6PC,5PC",,,,,,
972,,,,,,,,,,"3PC,2PC","3PC,2PC","3PC,2PC"
973,,,,"3PC,3PC","3PC,3PC",,,,,,"3PC,3PC",
974,,,,,,,,,,"4PC,6PC",,
975,,,,,,,,,"6PC,4PC",,"6PC,4PC","6PC,4PC"
976,,,,,,,,,,"6PC,5PC","6PC,5PC","6PC,5PC"
977,,,,,,,,,"6PC,4PC","6PC,4PC",,
978,,,,,,,"6PC,4PC",,,,"6PC,4PC","6PC,4PC"
979,,,,,,,,"3PC,3PC","3PC,3PC",,,
980,,,"4PC,3PC","4PC,3PC",,,,,,,"4PC,3PC",
981,,,,,,,,,,,"4PC,4PC","4PC,4PC"
982,,,"4PC,3PC","4PC,3PC","4PC,3PC",,,,,,,
983,,,,,,,,"3PC,6PC",,,"3PC,6PC","3PC,6PC"
985,,,,,,,,,,,"2PC,2PC","2PC,2PC"
986,,,,,,,,,"4PC,4PC","4PC,4PC","4PC,4PC",
987,,,,,,,,,,"4PC,5PC","4PC,5PC","4PC,5PC"
988,,,,,"4PC,5PC",,,,,,,
989,,,,"4PC,6PC",,"4PC,6PC",,,,,,"4PC,6PC"
992,,,,,,,,,,,"6PTS,6PC",
994,,,"4PC,6PC","4PC,6PC",,,"4PC,6PC",,,,,
995,,,,,,,,,,,"4PC,3PC",
996,,,,,,,,,,"4PC,5PC","4PC,5PC","4PC,5PC"
999,,,"3PC,3PC","3PC,3PC",,"3PC,3PC",,,,,,
1000,,,,,,,,,,"6PC,6PTS",,
1001,,,"4PC,6PC",,,,,,,"4PC,6PC","4PC,6PC",
1002,,,,,,"4PC,4PC","4PC,4PC","4PC,4PC",,,,
1004,,,,,,,,,"6PC,4PC",,,
1006,,,,,,,,,"4PC,6PC",,,
1007,,,,,,,,,,"2PC,2PC",,
1008,,,,,,"6PC,4PC","6PC,4PC",,,"6PC,4PC",,
1009,,"2PC,2PC",,,,,,,,,,
1010,,,,,,,"6PC,5PC","6PC,5PC","6PC,5PC",,,
1011,,,,,,,,"5PC,4PC","5PC,4PC","5PC,4PC",,
1012,,,"4PC,6PTS","4PC,6PTS",,,,,,,"4PC,6PTS",
1013,,,,"4PC,4PC",,,,"4PC,4PC","4PC,4PC",,,
1014,,,,"3PC,4PC","3PC,4PC",,,"3PC,4PC",,,,
1015,,,,,,,,,,,"4PC,4PC","4PC,4PC"
1016,,,,"2PC,3PC",,,"2PC,3PC","2PC,3PC",,,,
1017,,,,,,,,"2PC,3PC",,,,
1019,,,"5PC,6PC","5PC,6PC",,,,,,,,
1020,,,"6PC,5PC","6PC,5PC",,,,,,,,
1021,,,,,,,,,"4PC,4PC","4PC,4PC","4PC,4PC",
1022,,,,,,"6PC,6PC",,,,,,
1023,,,,,"6PC,5PC",,,,,,"6PC,5PC","6PC,5PC"
1024,,,,,,,,,"2PC,3PC","2PC,3PC","2PC,3PC",
1025,,,,,"4PC,5PC",,,,,,,
1026,,,,,,,,,,"5PC,5PC",,"5PC,5PC"
1027,,,,,,"2PC,4PC",,,,,"2PC,4PC","2PC,4PC"
1028,,,,,,"6PTS,6PTS","6PTS,6PTS",,,"6PTS,6PTS",,
1029,,,,,,,"2PC,3PC","2PC,3PC","2PC,3PC",,,
1030,,,,,,"6PTS,6PTS","6PTS,6PTS",,,"6PTS,6PTS",,
1031,,,,,,,,,,"4PC,4PC","4PC,4PC","4PC,4PC"
1032,,,,,,,"6PC,6PC","6PC,6PC","6PC,6PC",,,
1033,,,,,,,"4PC,3PC",,"4PC,3PC","4PC,3PC",,
1034,,,,"3PC,3PC","3PC,3PC","3PC,3PC",,,,,,
1035,"4PC,3PC",,"4PC,3PC","4PC,3PC",,,,,,,,
1036,,,,"6PTS,6PTS",,"6PTS,6PTS","6PTS,6PTS",,,,,
1037,,,,"6PC,6PC","6PC,6PC",,,,,,,"6PC,6PC"
1038,,"2PC,3PC","2PC,3PC","2PC,3PC",,,,,,,,
1039,,,,,,"6PC,5PC","6PC,5PC",,,"6PC,5PC",,
1040,,,,,,,,,,"4PC,6PC",,
1041,,,,,,,,,"4PC,5PC","4PC,5PC","4PC,5PC",
1042,,,"4PC,6PC","4PC,6PC",,,,,,,"4PC,6PC",
1043,,,,"6PC,4PC",,,,,,,"6PC,4PC","6PC,4PC"
1044,"2PC,3PC","2PC,3PC",,"2PC,3PC",,,,,,,,
1045,,,,"6PTS,6PTS",,,,,,,,
1046,,,,,,"4PC,3PC","4PC,3PC","4PC,3PC",,,,
1047,,"2PC,3PC","2PC,3PC","2PC,3PC",,,,,,,,
1048,,,,,,"5PC,6PC",,,,,,
1049,,,"2PC,3PC","2PC,3PC",,,,"2PC,3PC",,,,
1050,,,"6PC,6PTS",,,"6PC,6PTS","6PC,6PTS",,,,,
1051,"2PC,2PC","2PC,2PC",,"2PC,2PC",,,,,,,,
1052,,"4PC,4PC",,,,,,,,,,
1053,,,,,,,,"6PC,5PC","6PC,5PC","6PC,5PC",,
1054,,,,,,"6PC,6PC",,,,,,
1055,,,,,,,,,"6PTS,6PTS",,,
1056,,,,,,,"3PC,4PC","3PC,4PC","3PC,4PC",,,
1057,,,,,,"6PTS,6PTS",,,,"6PTS,6PTS","6PTS,6PTS",
1058,,,,,,,"6PC,5PC",,"6PC,5PC","6PC,5PC",,
1059,,,,,,,,,,"5PC,6PC",,
1060,,,,,,,"5PC,4PC",,"5PC,4PC","5PC,4PC",,
1061,,,,,,,,,"6PTS,6PTS",,,
1062,,,,"5PC,6PTS",,,,,,"5PC,6PTS","5PC,6PTS",
1063,,"3PC,4PC","3PC,4PC",,,,,,,"3PC,4PC",,
1064,,,"2PC,2PC",,,,,,,,,"2PC,2PC"
1065,,,,,,,,,,"6PC,5PC","6PC,5PC","6PC,5PC"
1066,,,,,,,,"4PC,3PC","4PC,3PC","4PC,3PC",,
1067,,"2PC,3PC","2PC,3PC","2PC,3PC",,,,,,,,
1067,,"2PC,3PC","2PC,3PC","2PC,3PC",,,,,,,,
