Waiting List #,May 31 - June 3,June 3 - 6,June 7-13,June 14-20,June 21-27,June 28-July 4,July 5-11,July 12-18,July 19-25,July 26-Aug 1,Aug 2-8,Aug 9-15
1,,,,,"4PC,4PC",,,,,,,
2,,,,"4PC,4PC","4PC,4PC","4PC,4PC",,,,,,
3,,,,"4PC,4PC",,"4PC,4PC",,,,,"4PC,4PC",
4,,,"4PC,4PC",,,,,"4PC,4PC",,,"4PC,4PC",
5,,,,,,"6PC,4PC",,,,,,
6,,,"4PC,4PC","4PC,4PC",,"4PC,4PC",,,,,,
7,,,"4PC,3PC","4PC,3PC",,,,,,,,
8,,,"4PC,5PC","4PC,5PC",,,,,,,,
9,,,"4PC,5PC","4PC,5PC",,"4PC,5PC",,,,,,
10,,"4PC,4PC","4PC,4PC",,,,,,,,,"4PC,4PC"
11,,,,,,,,,"4PC,4PC","4PC,4PC",,
12,,,"4PC,4PC","4PC,4PC",,,,,"4PC,4PC",,,
13,,,,,,,,,,"4PC,4PC","4PC,4PC","4PC,4PC"
14,,,,,,,,,,,"4PC,4PC","4PC,4PC"
15,,,,,,,,"4PC,4PC","4PC,4PC","4PC,4PC",,
16,,,"3PC,3PC","3PC,3PC",,"3PC,3PC",,,,,,
17,,,,,,,,"6PC,4PC",,,,
18,,,"3PC,4PC","3PC,4PC",,,,,,,"3PC,4PC",
19,,,,,,,,,"4PC,4PC","4PC,4PC","4PC,4PC",
20,,,,,,,,"6PC,6PC","6PC,6PC","6PC,6PC",,
21,,,,,,,,,,"4PC,6PC","4PC,6PC","4PC,6PC"
22,,,"4PC,3PC","4PC,3PC","4PC,3PC",,,,,,,
23,,,,"6PC,6PC",,,,,,,,
24,,,,,,,,,,"4PC,6PC","4PC,6PC",
25,,,"3PC,4PC","3PC,4PC",,,,,,,,
26,,,"6PC,6PC","6PC,6PC",,"6PC,6PC",,,,,,
27,,"4PC,4PC","4PC,4PC",,,,"4PC,4PC",,,,,
28,,,,,,,,,"4PC,4PC","4PC,4PC","4PC,4PC",
29,,,"5PC,5PC","5PC,5PC",,"5PC,5PC",,,,,,
30,,,,,,,,,,"6PC,4PC","6PC,4PC","6PC,4PC"
31,,,,,,,,,,,,"6PC,4PC"
32,,,,,,,,,,"6PC,6PC","6PC,6PC","6PC,6PC"
33,,,"6PC,6PC","6PC,6PC",,,,"6PC,6PC",,,,
34,,,,"4PC,4PC",,"4PC,4PC",,,,,,
35,,,,,,,,,"4PC,4PC",,,
Waiting List #,May 31 - June 3,June 3 - 6,June 7-13,June 14-20,June 21-27,June 28-July 4,July 5-11,July 12-18,July 19-25,July 26-Aug 1,Aug 2-8,Aug 9-15
36,,,,"4PC,4PC",,"4PC,4PC","4PC,4PC",,,,,
37,,,"6PC,5PC","6PC,5PC",,,,,,,"6PC,5PC",
38,,,"4PC,4PC","4PC,4PC",,,,,,,"4PC,4PC",
39,,,,,,,,,,"4PC,4PC","4PC,4PC","4PC,4PC"
40,,,,"6PC,5PC",,,,,,,,
41,,,,"6PC,6PC",,,,,,"6PC,6PC","6PC,6PC",
42,,,,"5PC,4PC",,,,,,,,
43,,,,,,,,,"3PC,4PC",,,
44,,,,,,,,,"6PC,6PC",,,
45,,,,,,,,,,,"6PC,4PC",
46,,,,,,,,,"6PC,4PC",,,
47,,,,,,,,,"4PC,3PC",,,
48,,,,,,"6PC,5PC",,,,,,
49,,,,,,"3PC,3PC",,,,,,
50,,,,,,,,,,,,"6PC,5PC"
51,,,,,,,,,,,"4PC,6PC","4PC,6PC"
52,,,,,,,,,,,"3PC,4PC",
53,,"4PC,4PC",,,,,,,,"4PC,4PC",,"4PC,4PC"
54,,,"6PC,5PC","6PC,5PC",,"6PC,5PC",,,,,,
55,,,"4PC,5PC","4PC,5PC",,,,,,,"4PC,5PC",
56,,,"4PC,4PC","4PC,4PC","4PC,4PC",,,,,,,
57,,,,"5PC,6PC",,,,,,,,"5PC,6PC"
58,,,,,,"4PC,4PC","4PC,4PC","4PC,4PC",,,,
59,,,,"6PC,4PC",,,,,,,"6PC,4PC","6PC,4PC"
60,,,"6PC,6PC","6PC,6PC",,"6PC,6PC",,,,,,
61,,,,,,,,"4PC,6PC","4PC,6PC",,,"4PC,6PC"
62,,,,,,,,,,"4PC,5PC","4PC,5PC","4PC,5PC"
63,,,,"6PC,6PC",,,,,,"6PC,6PC","6PC,6PC",
64,,,,,,"6PC,6PC",,,,"6PC,6PC",,
65,,,"6PC,4PC",,,,,"6PC,4PC",,,,"6PC,4PC"
66,,,,,,,,,,"4PC,4PC","4PC,4PC",
67,,,,,,,,"6PC,6PC","6PC,6PC",,,
68,,,"6PC,4PC","6PC,4PC",,,,,,,"6PC,4PC",
69,,,"5PC,6PC",,,"5PC,6PC",,,,"5PC,6PC",,
70,,,,,,,,,,"6PC,6PC",,
Waiting List #,May 31 - June 3,June 3 - 6,June 7-13,June 14-20,June 21-27,June 28-July 4,July 5-11,July 12-18,July 19-25,July 26-Aug 1,Aug 2-8,Aug 9-15
71,,,,,,"6PC,5PC",,,,"6PC,5PC","6PC,5PC",
72,,,,"6PC,4PC",,,,,,"6PC,4PC","6PC,4PC",
73,,,"3PC,3PC","3PC,3PC","3PC,3PC",,,,,,,
74,,,,,,,,,,,"6PC,5PC",
75,,,,,,,"4PC,6PC","4PC,6PC","4PC,6PC",,,
76,,,,,,,,,,"6PC,5PC","6PC,5PC","6PC,5PC"
77,,,"4PC,5PC",,,,,,,,,"4PC,5PC"
78,,,,,,,,,"6PC,5PC","6PC,5PC",,
79,,,,"6PC,4PC",,,,,"6PC,4PC",,,
80,,,,,,,,,"4PC,5PC","4PC,5PC","4PC,5PC",
81,,,"4PC,5PC","4PC,5PC",,"4PC,5PC",,,,,,
82,,,,,,,,"6PC,4PC","6PC,4PC","6PC,4PC",,
83,,,"4PC,3PC","4PC,3PC",,,,,,,"4PC,3PC",
84,,,,,,,,,"6PC,5PC","6PC,5PC","6PC,5PC",
85,,,,,,,"6PC,6PC","6PC,6PC","6PC,6PC",,,
86,,,,,,,,"6PC,4PC",,,"6PC,4PC","6PC,4PC"
87,,,,,,,,,"6PC,4PC","6PC,4PC","6PC,4PC",
88,,,"3PC,4PC","3PC,4PC",,,,,,,"3PC,4PC",
89,,,,,,,,,"6PC,6PC","6PC,6PC","6PC,6PC",
90,,,,,,,,,,"6PC,4PC",,
91,,,,"4PC,4PC",,,,,,,"4PC,4PC","4PC,4PC"
92,,,"6PC,4PC",,,,,"6PC,4PC",,"6PC,4PC",,
93,,,,,,"6PC,4PC","6PC,4PC","6PC,4PC",,,,
94,,,,"4PC,6PC",,"4PC,6PC","4PC,6PC",,,,,
95,,,,,,"6PC,6PC",,,,"6PC,6PC",,
96,,,"5PC,6PC",,,"5PC,6PC",,,"5PC,6PC",,,
97,,,,"6PC,5PC",,,,,"6PC,5PC","6PC,5PC",,
98,,,,"3PC,4PC",,,,,,,,
99,,,,,,,,,,"6PC,4PC",,
100,,,,,,,,,"4PC,6PC","4PC,6PC","4PC,6PC",
101,,,,,,,"5PC,4PC","5PC,4PC",,"5PC,4PC",,
102,,,,,,,"4PC,5PC",,,"4PC,5PC",,"4PC,5PC"
103,,,,"3PC,4PC",,,,,,,,
104,,,,,,"4PC,6PC","4PC,6PC",,,,"4PC,6PC",
105,,,,"6PC,5PC",,,,,"6PC,5PC","6PC,5PC",,
Waiting List #,May 31 - June 3,June 3 - 6,June 7-13,June 14-20,June 21-27,June 28-July 4,July 5-11,July 12-18,July 19-25,July 26-Aug 1,Aug 2-8,Aug 9-15
106,,,,,,,"6PC,5PC","6PC,5PC","6PC,5PC",,,
107,,,,,,,,"5PC,6PC","5PC,6PC",,,"5PC,6PC"
108,,,,,,"6PC,4PC",,,,"6PC,4PC","6PC,4PC",
109,,,"3PC,4PC","3PC,4PC",,,,,"3PC,4PC",,,
110,,"4PC,4PC","4PC,4PC",,"4PC,4PC",,,,,,,
111,,,,,,,"4PC,5PC",,,"4PC,5PC","4PC,5PC",
112,,,,,,,,,"4PC,4PC","4PC,4PC","4PC,4PC",
113,,,,,,,,"6PC,6PC",,"6PC,6PC","6PC,6PC",
114,,,,,,,,,"4PC,5PC","4PC,5PC","4PC,5PC",
115,,,,"5PC,3PC",,"5PC,3PC",,,,,,
116,,,,,,,,,,"6PC,5PC",,
117,,"4PC,4PC","4PC,4PC",,,"4PC,4PC",,,,,,
118,,,,,,,"4PC,6PC",,,"4PC,6PC",,"4PC,6PC"
119,,,,,,,,,"5PC,4PC","5PC,4PC","5PC,4PC",
120,,,,,,,"4PC,5PC","4PC,5PC",,"4PC,5PC",,
121,,,,"6PC,6PC","6PC,6PC","6PC,6PC",,,,,,
122,,,,"6PC,5PC",,,,,,,,
123,,,,,,,,,,"6PC,5PC","6PC,5PC","6PC,5PC"
124,,,,,,,,,,"5PC,6PC","5PC,6PC","5PC,6PC"
125,,,,,,,,"4PC,6PC","4PC,6PC","4PC,6PC",,
126,,,,"6PC,5PC",,"6PC,5PC","6PC,5PC",,,,,
127,,,,,,,"4PC,6PC",,,"4PC,6PC","4PC,6PC",
128,,,"4PC,4PC","4PC,4PC",,,,,,,,"4PC,4PC"
129,,,,,,,,,,"3PC,4PC","3PC,4PC","3PC,4PC"
130,,,,,,,,,,,,"3PC,4PC"
131,,,,,,,,,,,"5PC,6PC",
132,,,"6PC,5PC",,,,,"6PC,5PC",,,"6PC,5PC",
133,,,"4PC,5PC","4PC,5PC",,,,,"4PC,5PC",,,
134,,,"3PC,3PC","3PC,3PC",,"3PC,3PC",,,,,,
135,,,"4PC,6PTS","4PC,6PTS",,"4PC,6PTS",,,,,,
136,,,,,,,,,,"6PC,4PC","6PC,4PC","6PC,4PC"
137,,,,,,,"6PC,5PC",,"6PC,5PC","6PC,5PC",,
138,,,,,,,,,,,"3PC,3PC","3PC,3PC"
139,,,,,,,,,"3PC,4PC","3PC,4PC","3PC,4PC",
140,,,,,,,,"6PC,5PC",,,,
Waiting List #,May 31 - June 3,June 3 - 6,June 7-13,June 14-20,June 21-27,June 28-July 4,July 5-11,July 12-18,July 19-25,July 26-Aug 1,Aug 2-8,Aug 9-15
141,,,,,,,,,"6PC,5PC",,"6PC,5PC",
142,,,,,,,"6PC,5PC","6PC,5PC","6PC,5PC",,,
143,,,,,,,,,"6PC,6PC","6PC,6PC","6PC,6PC",
144,,,,"6PC,5PC",,,,"6PC,5PC","6PC,5PC",,,
145,,,,,,,,,"6PC,4PC","6PC,4PC","6PC,4PC",
146,,,"6PC,4PC",,,,,,,,"6PC,4PC","6PC,4PC"
147,,,,,,"4PC,3PC",,,,,,"4PC,3PC"
148,,,,,,"4PC,5PC","4PC,5PC","4PC,5PC",,,,
149,,,,,,,,,,"6PC,6PC","6PC,6PC","6PC,6PC"
150,,,"6PC,5PC",,,,,,,,"6PC,5PC","6PC,5PC"
151,,,,,,,,"6PC,5PC","6PC,5PC","6PC,5PC",,
152,,,"6PC,5PC","6PC,5PC",,,,,,,,"6PC,5PC"
153,,,,"4PC,5PC",,,,,,,,
154,,,,,,,,"4PC,4PC","4PC,4PC","4PC,4PC",,
155,,,,,,,,,"6PC,5PC","6PC,5PC","6PC,5PC",
156,,,,,,,,,,"4PC,4PC","4PC,4PC","4PC,4PC"
157,,,,,,,,,,"5PC,6PC","5PC,6PC","5PC,6PC"
158,,,,"5PC,6PC",,"5PC,6PC",,,"5PC,6PC",,,
159,,,,"6PC,4PC",,"6PC,4PC",,,"6PC,4PC",,,
160,,,,,,"2PC,3PC",,,,,,
161,,,,,,,,,,,"6PC,4PC","6PC,4PC"
162,,,,,,"4PC,4PC","4PC,4PC","4PC,4PC",,,,
163,,,,"4PC,6PC",,"4PC,6PC","4PC,6PC",,,,,
164,,,,"6PC,5PC",,,,,,,"6PC,5PC","6PC,5PC"
165,,,,,,,,,"4PC,5PC","4PC,5PC","4PC,5PC",
166,,,"3PC,3PC","3PC,3PC",,"3PC,3PC",,,,,,
167,,,,,,,,,,"6PC,5PC","6PC,5PC","6PC,5PC"
168,,,"6PC,6PC","6PC,6PC","6PC,6PC",,,,,,,
169,,,,,,,,,"4PC,6PC",,,
170,,,,,,,,"6PC,5PC","6PC,5PC","6PC,5PC",,
171,,,"4PC,5PC",,,,,,,,"4PC,5PC","4PC,5PC"
172,,,,,,,,,,"3PC,3PC","3PC,3PC","3PC,3PC"
173,,,"6PC,5PC","6PC,5PC",,,,"6PC,5PC",,,,
174,,,,,,,"6PC,5PC","6PC,5PC","6PC,5PC",,,
175,,,"4PC,4PC",,,,,,,,"4PC,4PC","4PC,4PC"
Waiting List #,May 31 - June 3,June 3 - 6,June 7-13,June 14-20,June 21-27,June 28-July 4,July 5-11,July 12-18,July 19-25,July 26-Aug 1,Aug 2-8,Aug 9-15
176,,,"6PC,5PC",,,,,,,,"6PC,5PC","6PC,5PC"
177,,,,,,,,,,"5PC,6PC","5PC,6PC","5PC,6PC"
178,,,,,,,,"3PC,4PC",,"3PC,4PC",,
179,,,"4PC,6PTS","4PC,6PTS",,"4PC,6PTS",,,,,,
180,,,,,,,,,,"6PC,5PC","6PC,5PC","6PC,5PC"
181,,,"6PC,4PC","6PC,4PC",,"6PC,4PC",,,,,,
182,,,,,,,,"4PC,4PC",,,,
183,,,,,,,,"3PC,3PC","3PC,3PC","3PC,3PC",,
184,,,,"3PC,6PC",,,,,"3PC,6PC","3PC,6PC",,
185,,,"4PC,4PC",,,,,,,,"4PC,4PC","4PC,4PC"
186,,,,,,,,,,"5PC,6PC","5PC,6PC","5PC,6PC"
187,,,,,,,,,"6PC,6PC",,,
188,,,"6PC,4PC",,,,,,"6PC,4PC","6PC,4PC",,
189,,,,,,,,,"4PC,5PC",,"4PC,5PC",
190,,,,"4PC,3PC",,"4PC,3PC",,,,"4PC,3PC",,
191,,"4PC,4PC",,,,,,,,,,
192,,,,,,,,"6PC,4PC","6PC,4PC",,,"6PC,4PC"
193,,,,,,,,,,"6PC,6PC","6PC,6PC","6PC,6PC"
194,,,"6PC,6PC",,,,,,,,,
195,,,"4PC,5PC","4PC,5PC",,,,,,,,
196,,,"4PC,5PC","4PC,5PC",,,,,,,,
197,,,,"4PC,6PTS",,,,,,,,
198,,"4PC,4PC",,"4PC,4PC",,,,"4PC,4PC",,,,
199,,,,,,,,,"6PC,4PC","6PC,4PC",,"6PC,4PC"
200,,,,,,,,,"5PC,6PC",,,
201,,,,"6PC,5PC",,,,,,"6PC,5PC","6PC,5PC",
202,,,,"6PC,5PC",,,,,,,"6PC,5PC","6PC,5PC"
203,,,,"6PC,5PC",,"6PC,5PC","6PC,5PC",,,,,
204,,,"5PC,6PC",,,,,,,,"5PC,6PC","5PC,6PC"
205,,,,,,,,"6PC,5PC",,,,
206,,,,,,,,"4PC,5PC","4PC,5PC","4PC,5PC",,
207,,,,,,,,,"6PC,6PC",,"6PC,6PC","6PC,6PC"
208,,,,,,,,,"6PC,6PC",,,
209,,,,,,"3PC,4PC","3PC,4PC","3PC,4PC",,,,
210,,,,,,,,"6PC,4PC",,,,
Waiting List #,May 31 - June 3,June 3 - 6,June 7-13,June 14-20,June 21-27,June 28-July 4,July 5-11,July 12-18,July 19-25,July 26-Aug 1,Aug 2-8,Aug 9-15
211,,,,,,,,,,"5PC,5PC","5PC,5PC","5PC,5PC"
212,,,"6PC,6PC","6PC,6PC",,,"6PC,6PC",,,,,
213,,,"3PC,4PC","3PC,4PC",,"3PC,4PC",,,,,,
214,,"4PC,4PC",,"4PC,4PC",,,,,,,,"4PC,4PC"
215,,,"3PC,4PC","3PC,4PC",,"3PC,4PC",,,,,,
216,,,,,,,,,,,"4PC,6PC","4PC,6PC"
217,,,,,,,,,,"4PC,4PC","4PC,4PC","4PC,4PC"
218,,,"6PC,6PTS","6PC,6PTS",,"6PC,6PTS",,,,,,
219,,,,"3PC,4PC",,"3PC,4PC",,,,"3PC,4PC",,
220,,,,"6PTS,6PTS",,,,,,,,
221,,,,,,,,,"4PC,5PC","4PC,5PC",,
222,,,,,"3PC,4PC","3PC,4PC","3PC,4PC",,,,,
223,,,,,,,"6PC,5PC","6PC,5PC","6PC,5PC",,,
224,,,,,,,,"4PC,4PC",,,"4PC,4PC","4PC,4PC"
225,,,,,,,,,"4PC,5PC",,,
226,,,,,,,,,,,"4PC,6PC","4PC,6PC"
227,,,,,,,,,,"4PC,4PC","4PC,4PC","4PC,4PC"
228,,,,,,,,,"4PC,5PC","4PC,5PC","4PC,5PC",
229,,,,"4PC,4PC",,,"4PC,4PC","4PC,4PC",,,,
230,,,,,,,,,,"6PC,4PC","6PC,4PC","6PC,4PC"
231,,,,,,,,,,"6PC,5PC","6PC,5PC","6PC,5PC"
232,,,,"6PC,5PC",,,,"6PC,5PC","6PC,5PC",,,
233,,"3PC,3PC","3PC,3PC",,,"3PC,3PC",,,,,,
234,,,,,,,,"6PC,4PC","6PC,4PC","6PC,4PC",,
235,,,"6PC,5PC","6PC,5PC",,,"6PC,5PC",,,,,
236,,,,,,,,"4PC,6PC",,"4PC,6PC",,"4PC,6PC"
237,,,"4PC,5PC","4PC,5PC",,"4PC,5PC",,,,,,
238,,,,,,,,,,,"3PC,4PC",
239,,,,,,"4PC,5PC","4PC,5PC","4PC,5PC",,,,
240,,,,,,,,,"6PC,6PC","6PC,6PC",,
241,,,,,,"6PC,4PC",,,,,"6PC,4PC",
242,,,,"6PC,5PC",,,,,,,,
243,,,,,,,,,,"6PC,5PC","6PC,5PC","6PC,5PC"
244,,,,"6PC,5PC",,,,,,,,
245,,,,,,,,,,"4PC,6PC","4PC,6PC","4PC,6PC"
Waiting List #,May 31 - June 3,June 3 - 6,June 7-13,June 14-20,June 21-27,June 28-July 4,July 5-11,July 12-18,July 19-25,July 26-Aug 1,Aug 2-8,Aug 9-15
246,,,"4PC,6PC","4PC,6PC",,,,,,,,
247,,,,,,,"6PC,5PC","6PC,5PC","6PC,5PC",,,
248,,,,,,"3PC,4PC","3PC,4PC",,,,"3PC,4PC",
249,,,,,,"6PC,5PC",,,,"6PC,5PC","6PC,5PC",
250,,,,,,,,,"4PC,5PC","4PC,5PC","4PC,5PC",
251,,,,,,,,,"3PC,5PC","3PC,5PC","3PC,5PC",
252,,,,,,,,,,,"4PC,6PC",
253,,,,,,,,"6PC,6PC","6PC,6PC","6PC,6PC",,
254,,,,,,,,,,"4PC,4PC","4PC,4PC","4PC,4PC"
255,,,,,,"2PC,2PC",,,,,,
256,,,"4PC,4PC","4PC,4PC",,,,,,,"4PC,4PC",
257,,,,,,,"6PC,4PC","6PC,4PC","6PC,4PC",,,
258,,"4PC,4PC",,,,,,,,,,
259,,,,,,"6PC,5PC","6PC,5PC","6PC,5PC",,,,
260,,,,,,"6PC,5PC","6PC,5PC","6PC,5PC",,,,
261,,,,,,"6PC,6PC",,,,"6PC,6PC","6PC,6PC",
262,,,,,,"4PC,3PC","4PC,3PC","4PC,3PC",,,,
263,,,,,,,,,,"4PC,6PC","4PC,6PC","4PC,6PC"
264,,,,,,,,,"4PC,3PC","4PC,3PC",,
265,,,,,,,,,,,"4PC,6PC",
266,,,,,,,,,"3PC,4PC","3PC,4PC","3PC,4PC",
267,,,,"4PC,4PC","4PC,4PC",,,,"4PC,4PC",,,
268,,,,,,,,,,"3PC,3PC","3PC,3PC","3PC,3PC"
269,,"4PC,6PC",,,,,,,,,,
270,,,,,,,,"4PC,6PC",,,,"4PC,6PC"
271,,,,,,,,,,"6PC,3PC","6PC,3PC","6PC,3PC"
272,,,,,,,"5PC,4PC","5PC,4PC","5PC,4PC",,,
273,,,,"3PC,4PC",,,"3PC,4PC",,,,"3PC,4PC",
274,,,,,,,,,"4PC,4PC","4PC,4PC","4PC,4PC",
275,,,"6PC,5PC",,,,,,,,,
276,,,,,,,,"6PC,5PC","6PC,5PC","6PC,5PC",,
277,,,"3PC,4PC","3PC,4PC",,,,,,"3PC,4PC",,
278,,,,,,"5PC,6PC","5PC,6PC",,,,,"5PC,6PC"
279,,,,,,,,"6PC,6PC","6PC,6PC","6PC,6PC",,
280,,,,,,"4PC,5PC",,,"4PC,5PC","4PC,5PC",,
Waiting List #,May 31 - June 3,June 3 - 6,June 7-13,June 14-20,June 21-27,June 28-July 4,July 5-11,July 12-18,July 19-25,July 26-Aug 1,Aug 2-8,Aug 9-15
281,,,,,,,,,,,"4PC,3PC",
282,,,,"3PC,4PC",,"3PC,4PC",,,,,,"3PC,4PC"
283,,,"3PC,4PC","3PC,4PC","3PC,4PC",,,,,,,
284,,,,,,,,"5PC,6PC","5PC,6PC","5PC,6PC",,
285,,,"3PC,4PC","3PC,4PC",,,"3PC,4PC",,,,,
286,,"6PC,6PC",,,,,,,,,,"6PC,6PC"
287,,,,"5PC,4PC",,,,,,,,
288,,,"6PC,4PC",,,"6PC,4PC",,,,,,
289,,,"4PC,6PC",,,,,"4PC,6PC","4PC,6PC",,,
290,,,"4PC,4PC",,,,,"4PC,4PC","4PC,4PC",,,
291,,,"5PC,4PC","5PC,4PC",,"5PC,4PC",,,,,,
292,,,,"4PC,4PC",,"4PC,4PC",,,,,,
293,,,,,,,,"3PC,4PC","3PC,4PC","3PC,4PC",,
294,,,"4PC,5PC","4PC,5PC",,,,,,,"4PC,5PC",
295,,,,,,,,"6PC,4PC",,,,
296,,,"4PC,6PC","4PC,6PC",,,,"4PC,6PC",,,,
297,,,,,,,,"5PC,4PC","5PC,4PC",,"5PC,4PC",
298,,,"6PC,6PC",,,"6PC,6PC","6PC,6PC",,,,,
299,,,"6PC,6PC","6PC,6PC",,"6PC,6PC",,,,,,
300,,,,"4PC,6PC",,,,,,,,
301,,"6PC,3PC","6PC,3PC","6PC,3PC",,,,,,,,
302,,,,,,,"6PC,4PC",,,,,
303,,,,,,,"6PC,5PC","6PC,5PC","6PC,5PC",,,
304,,,"6PC,3PC","6PC,3PC",,,,,,"6PC,3PC",,
305,,,,,,,,,"3PC,4PC","3PC,4PC","3PC,4PC",
306,,,,,,,,,,,"4PC,4PC","4PC,4PC"
307,,,,,,,,"5PC,6PC","5PC,6PC",,"5PC,6PC",
308,,,,,,,,,,"4PC,5PC","4PC,5PC","4PC,5PC"
309,,,"6PTS,6PTS","6PTS,6PTS",,"6PTS,6PTS",,,,,,
310,,,,"3PC,5PC",,,,"3PC,5PC",,"3PC,5PC",,
311,,,,,,,,"6PC,5PC","6PC,5PC","6PC,5PC",,
312,,,,"5PC,6PC",,"5PC,6PC","5PC,6PC",,,,,
313,,,"5PC,4PC","5PC,4PC",,"5PC,4PC",,,,,,
314,,,,"3PC,3PC",,"3PC,3PC","3PC,3PC",,,,,
315,,"3PC,2PC",,,,,,,,,,
Waiting List #,May 31 - June 3,June 3 - 6,June 7-13,June 14-20,June 21-27,June 28-July 4,July 5-11,July 12-18,July 19-25,July 26-Aug 1,Aug 2-8,Aug 9-15
316,,,,"5PC,6PC",,"5PC,6PC","5PC,6PC",,,,,
317,,,"6PTS,4PC","6PTS,4PC",,"6PTS,4PC",,,,,,
318,,,"4PC,4PC","4PC,4PC","4PC,4PC",,,,,,,
319,,,,"6PC,4PC",,,,,,"6PC,4PC","6PC,4PC",
320,,,,"6PC,3PC",,,,,,,,
321,,,,,,,,,"4PC,4PC","4PC,4PC","4PC,4PC",
322,,,"4PC,6PTS","4PC,6PTS",,"4PC,6PTS",,,,,,
323,,,"6PC,4PC","6PC,4PC",,,,,,,,"6PC,4PC"
324,,,,"5PC,5PC",,"5PC,5PC","5PC,5PC",,,,,
325,,,,,,"4PC,4PC",,,,,"4PC,4PC","4PC,4PC"
326,,,"6PC,5PC","6PC,5PC","6PC,5PC",,,,,,,
327,,,,"4PC,3PC",,,,,,,,
328,,,,,,,,,,"4PC,4PC","4PC,4PC","4PC,4PC"
329,,,"6PC,6PC",,,,,,,,,"6PC,6PC"
330,,,"4PC,3PC","4PC,3PC",,,,,,,,"4PC,3PC"
331,,,"3PC,3PC","3PC,3PC",,,,,,,,
332,,,,,,,"5PC,6PC","5PC,6PC",,,"5PC,6PC",
333,,,,,,,,,"4PC,5PC","4PC,5PC",,"4PC,5PC"
334,,,,,,,,"3PC,3PC","3PC,3PC","3PC,3PC",,
335,,,,"4PC,6PC","4PC,6PC",,"4PC,6PC",,,,,
336,,,,,,"6PC,6PC",,,,"6PC,6PC","6PC,6PC",
337,,,"5PC,6PC",,,,,,,,,
338,,,,"4PC,5PC",,,,,,,,
339,,,,,,,,,"4PC,4PC","4PC,4PC","4PC,4PC",
340,,,,,,,,,"3PC,3PC",,,
341,,,,,,"3PC,3PC",,,"3PC,3PC","3PC,3PC",,
342,,,"4PC,4PC","4PC,4PC",,,,,,,,
343,,,"3PC,4PC",,,,"3PC,4PC","3PC,4PC",,,,
344,,,,,,,"4PC,6PC","4PC,6PC","4PC,6PC",,,
345,,,,,,,,,"4PC,4PC","4PC,4PC","4PC,4PC",
346,,,,,,,,,,"4PC,4PC","4PC,4PC","4PC,4PC"
347,,,"4PC,4PC",,,,,,,,"4PC,4PC","4PC,4PC"
348,,,,,,,,,"6PC,6PC","6PC,6PC","6PC,6PC",
349,,,,,,,,,"4PC,6PC","4PC,6PC","4PC,6PC",
350,,"4PC,3PC","4PC,3PC","4PC,3PC",,,,,,,,
Waiting List #,May 31 - June 3,June 3 - 6,June 7-13,June 14-20,June 21-27,June 28-July 4,July 5-11,July 12-18,July 19-25,July 26-Aug 1,Aug 2-8,Aug 9-15
351,,,"6PC,5PC","6PC,5PC",,,,,,,,
352,,,,"3PC,4PC","3PC,4PC",,,,,,,"3PC,4PC"
353,,,"4PC,4PC","4PC,4PC",,"4PC,4PC",,,,,,
354,,,"4PC,6PC",,,,,,,,"4PC,6PC","4PC,6PC"
355,,,"3PC,3PC",,,,,,,,"3PC,3PC","3PC,3PC"
356,,,,,,,"6PC,6PC","6PC,6PC",,,"6PC,6PC",
357,,,"4PC,5PC","4PC,5PC","4PC,5PC",,,,,,,
358,,,,,,,,,"4PC,4PC",,,"4PC,4PC"
359,,,"3PC,4PC","3PC,4PC",,"3PC,4PC",,,,,,
360,,,"4PC,4PC",,,,,,"4PC,4PC",,"4PC,4PC",
361,,,,,,,,,,,"5PC,3PC","5PC,3PC"
362,,,,,,,,,,"5PC,5PC","5PC,5PC","5PC,5PC"
363,,,,,,"3PC,6PC",,"3PC,6PC",,,"3PC,6PC",
364,,,,,,"6PC,4PC","6PC,4PC",,,,"6PC,4PC",
365,,,,,,,"4PC,4PC","4PC,4PC","4PC,4PC",,,
366,,,,"5PC,6PC",,"5PC,6PC","5PC,6PC",,,,,
367,,,,,,,,"6PC,6PC","6PC,6PC","6PC,6PC",,
368,,,,,,"6PC,4PC","6PC,4PC","6PC,4PC",,,,
369,,,,,,,,,,"4PC,3PC","4PC,3PC","4PC,3PC"
370,,,,,,"5PC,5PC","5PC,5PC",,,,,
371,,,,"6PC,5PC",,,,,,,,
372,,,,,,,,"6PC,6PC","6PC,6PC","6PC,6PC",,
373,,,,"6PC,5PC",,,,,,,"6PC,5PC","6PC,5PC"
374,,,,,,,"4PC,4PC","4PC,4PC","4PC,4PC",,,
375,,,,"3PC,4PC",,,,,,,,
376,,,"6PC,4PC",,,"6PC,4PC",,,,,"6PC,4PC",
377,,,"6PC,6PC",,,,"6PC,6PC",,,,,
378,,,,,,,,,"5PC,6PC","5PC,6PC","5PC,6PC",
379,,,,"4PC,4PC",,,,"4PC,4PC",,,"4PC,4PC",
380,,,,"4PC,5PC",,,,,,,,
381,,,,,,,,,,,"5PC,4PC","5PC,4PC"
382,,,"4PC,4PC",,,,,,"4PC,4PC","4PC,4PC",,
383,,,,"6PC,6PC",,,,,,,,
384,,"6PC,6PC","6PC,6PC",,,,,,,"6PC,6PC",,
385,,,"4PC,5PC","4PC,5PC","4PC,5PC",,,,,,,
Waiting List #,May 31 - June 3,June 3 - 6,June 7-13,June 14-20,June 21-27,June 28-July 4,July 5-11,July 12-18,July 19-25,July 26-Aug 1,Aug 2-8,Aug 9-15
386,,,,"6PC,4PC",,,"6PC,4PC","6PC,4PC",,,,
387,,,,,,,,,"5PC,4PC",,,
388,,,,,,"3PC,5PC","3PC,5PC","3PC,5PC",,,,
389,,,,"4PC,4PC",,,,,,,,
390,,"4PC,4PC",,,,,,,,,"4PC,4PC","4PC,4PC"
391,,,,,,,,"3PC,3PC","3PC,3PC","3PC,3PC",,
392,,,,,,,,,,"3PC,4PC","3PC,4PC","3PC,4PC"
393,,,,,,"6PC,6PC","6PC,6PC","6PC,6PC",,,,
394,,,,,,"6PC,4PC",,,,"6PC,4PC",,
395,,,,"4PC,6PC",,,,,,,,
396,,,,"4PC,5PC",,,,,,,,"4PC,5PC"
397,,,,,,,,,"6PC,6PC","6PC,6PC","6PC,6PC",
398,,"4PC,4PC",,,,,,,,,,
399,,,,,,"6PC,4PC","6PC,4PC",,,,,
400,,,"4PC,4PC","4PC,4PC",,,,,,,,
401,,"3PC,3PC",,,,,,,,,,
402,,,"6PC,5PC",,,"6PC,5PC","6PC,5PC",,,,,
403,,,"5PC,4PC","5PC,4PC",,"5PC,4PC",,,,,,
404,,,,"5PC,4PC",,,,,"5PC,4PC",,"5PC,4PC",
405,,,,,,,,"4PC,5PC",,,,
406,,,"4PC,4PC",,,"4PC,4PC",,,,,,"4PC,4PC"
407,,,,"4PC,6PC",,"4PC,6PC","4PC,6PC",,,,,
408,,,"6PC,3PC","6PC,3PC",,,,"6PC,3PC",,,,
409,,,"6PC,4PC","6PC,4PC",,"6PC,4PC",,,,,,
410,,,"4PC,3PC","4PC,3PC",,"4PC,3PC",,,,,,
411,,,,,,,"3PC,4PC","3PC,4PC","3PC,4PC",,,
412,,,,"3PC,4PC",,"3PC,4PC","3PC,4PC",,,,,
413,,,"3PC,4PC","3PC,4PC",,"3PC,4PC",,,,,,
414,,,,,,,,,"6PC,4PC",,,
415,,,,,,,,,,,,"3PC,6PC"
416,,"3PC,4PC",,,,,,,,,,
417,,,,,,,,,"6PC,6PC",,,
418,,,"3PC,4PC",,,"3PC,4PC",,,,,"3PC,4PC",
419,,,,,,,"4PC,6PC","4PC,6PC","4PC,6PC",,,
420,,,"6PC,5PC","6PC,5PC",,,"6PC,5PC",,,,,
Waiting List #,May 31 - June 3,June 3 - 6,June 7-13,June 14-20,June 21-27,June 28-July 4,July 5-11,July 12-18,July 19-25,July 26-Aug 1,Aug 2-8,Aug 9-15
421,,,,,,,"3PC,3PC","3PC,3PC","3PC,3PC",,,
422,,,,,,,"5PC,6PC","5PC,6PC",,,"5PC,6PC",
423,,,,"2PC,3PC",,"2PC,3PC",,,,,,
424,,,"6PC,3PC","6PC,3PC",,,,,,,,"6PC,3PC"
425,,,,,,,,,,"6PC,6PC","6PC,6PC","6PC,6PC"
426,,,"3PC,4PC","3PC,4PC",,,"3PC,4PC",,,,,
427,,,,,,,"6PC,5PC",,,"6PC,5PC",,
428,,,,"4PC,4PC",,,"4PC,4PC","4PC,4PC",,,,
429,,,"6PC,5PC",,,"6PC,5PC","6PC,5PC",,,,,
430,,,,,,,,,"6PC,6PC","6PC,6PC","6PC,6PC",
431,,,,"4PC,6PC",,"4PC,6PC","4PC,6PC",,,,,
432,,,,,"4PC,2PC",,,,,,,
433,,,,,,,"6PC,5PC",,,"6PC,5PC",,"6PC,5PC"
434,,,,,,,,,"6PC,5PC","6PC,5PC","6PC,5PC",
435,,"2PC,2PC","2PC,2PC","2PC,2PC",,,,,,,,
436,,"4PC,4PC",,,,,,,,,,"4PC,4PC"
437,,,"6PC,5PC",,,,,,,,,
438,,,,,,,,"6PC,5PC",,,"6PC,5PC","6PC,5PC"
439,,,,"6PC,4PC",,,,,,"6PC,4PC","6PC,4PC",
440,,,,,,,,,"4PC,4PC",,,
441,,,,,,"6PC,4PC","6PC,4PC",,,,,"6PC,4PC"
442,,,,,,,,,"6PC,6PC","6PC,6PC",,
443,,,"4PC,5PC","4PC,5PC",,,,,,,,
444,,,"6PC,5PC",,"6PC,5PC",,,,,,,"6PC,5PC"
445,,,"3PC,3PC","3PC,3PC","3PC,3PC",,,,,,,
446,,,,,,"6PC,4PC",,,,"6PC,4PC","6PC,4PC",
447,,,,,,"6PC,3PC","6PC,3PC",,,"6PC,3PC",,
448,,,,,,"6PC,6PC",,,"6PC,6PC","6PC,6PC",,
449,,,,,,,,,"4PC,5PC","4PC,5PC","4PC,5PC",
450,,,,"6PC,4PC",,"6PC,4PC",,,,,"6PC,4PC",
451,,,,,,,,,"4PC,3PC",,,
452,,,"5PC,4PC","5PC,4PC",,,,,,,"5PC,4PC",
453,,,,,,,"6PC,5PC","6PC,5PC","6PC,5PC",,,
454,,,,,,"5PC,5PC","5PC,5PC",,,,"5PC,5PC",
455,,,,"6PC,3PC",,,"6PC,3PC",,,,,
Waiting List #,May 31 - June 3,June 3 - 6,June 7-13,June 14-20,June 21-27,June 28-July 4,July 5-11,July 12-18,July 19-25,July 26-Aug 1,Aug 2-8,Aug 9-15
456,,,,,,,,,,,"3PC,4PC",
457,,,,,"4PC,4PC",,,,,,,
458,,,,,,,"3PC,4PC","3PC,4PC","3PC,4PC",,,
459,,,,"6PC,5PC","6PC,5PC",,,,,,,"6PC,5PC"
460,,,,,,,"3PC,3PC","3PC,3PC","3PC,3PC",,,
461,,,"6PC,5PC",,"6PC,5PC",,,,,,,"6PC,5PC"
462,,,,,,"5PC,6PC","5PC,6PC","5PC,6PC",,,,
463,,,,,,,,,"6PC,4PC","6PC,4PC","6PC,4PC",
464,,,,,,,,"3PC,4PC","3PC,4PC",,"3PC,4PC",
465,,,,,,"4PC,4PC",,,,"4PC,4PC","4PC,4PC",
466,,,"6PC,5PC","6PC,5PC",,"6PC,5PC",,,,,,
467,,,,,,,"4PC,6PC",,,"4PC,6PC","4PC,6PC",
468,,,,"4PC,4PC","4PC,4PC","4PC,4PC",,,,,,
469,,,,,,,,,,"4PC,4PC","4PC,4PC","4PC,4PC"
470,,,,,,"4PC,4PC",,,"4PC,4PC",,,"4PC,4PC"
471,,"3PC,4PC","3PC,4PC","3PC,4PC",,,,,,,,
472,,,"5PC,4PC","5PC,4PC",,,"5PC,4PC",,,,,
473,,,,,,"4PC,3PC","4PC,3PC",,,"4PC,3PC",,
474,,"3PC,4PC",,,,,,"3PC,4PC","3PC,4PC",,,
475,,,"4PC,5PC",,,,,"4PC,5PC",,,"4PC,5PC",
476,,,"4PC,5PC","4PC,5PC",,,,,,,,"4PC,5PC"
477,,,,,,"3PC,4PC","3PC,4PC","3PC,4PC",,,,
478,,,,"3PC,4PC",,,,,,,,
479,,,,,,,,"3PC,6PC","3PC,6PC","3PC,6PC",,
480,,,,,,,,,"6PC,5PC","6PC,5PC","6PC,5PC",
481,,,"6PC,5PC",,,,,"6PC,5PC",,"6PC,5PC",,
482,,,,,"3PC,4PC","3PC,4PC","3PC,4PC",,,,,
483,,,,,,"6PTS,6PTS",,,,,,
484,,,,,,,,,,"3PC,4PC","3PC,4PC","3PC,4PC"
485,,,"4PC,5PC",,,,,,,"4PC,5PC","4PC,5PC",
486,,,,,,,,,,"3PC,4PC",,
487,,,,,,,,,,"6PC,5PC",,
488,,,"6PC,3PC","6PC,3PC","6PC,3PC",,,,,,,
489,,,"4PC,6PC","4PC,6PC",,"4PC,6PC",,,,,,
490,,"6PC,6PC",,,,,,,,"6PC,6PC","6PC,6PC",
Waiting List #,May 31 - June 3,June 3 - 6,June 7-13,June 14-20,June 21-27,June 28-July 4,July 5-11,July 12-18,July 19-25,July 26-Aug 1,Aug 2-8,Aug 9-15
491,,,,,,,,,,"5PC,4PC",,
492,,,,,,,,,,,,"6PC,5PC"
493,,,,"3PC,3PC",,,,,,,,
494,,,,"3PC,3PC","3PC,3PC",,,,,,,
495,,,,"6PC,5PC",,"6PC,5PC","6PC,5PC",,,,,
496,,,,"5PC,4PC",,"5PC,4PC","5PC,4PC",,,,,
497,,"4PC,4PC","4PC,4PC",,"4PC,4PC",,,,,,,
498,,,,,,,,,,"6PTS,6PTS",,
499,,,,,,,,,,"4PC,3PC",,
500,,"6PC,6PC",,,,,,,,,"6PC,6PC","6PC,6PC"
501,,,,,,,,,"4PC,5PC",,,
502,,,,,,,"3PC,3PC",,,,,"3PC,3PC"
503,,,,,,,,,"5PC,6PC","5PC,6PC","5PC,6PC",
504,,,"4PC,6PC","4PC,6PC",,"4PC,6PC",,,,,,
505,,,,,,"4PC,5PC",,,,"4PC,5PC",,"4PC,5PC"
506,,,,,,,,,,,,"6PC,5PC"
507,,,,,,"6PC,5PC",,,,"6PC,5PC","6PC,5PC",
508,,,,"4PC,5PC","4PC,5PC",,,,,,,
509,,,,,,,,,,,"4PC,6PC","4PC,6PC"
510,,"4PC,3PC","4PC,3PC","4PC,3PC",,,,,,,,
511,,"4PC,4PC","4PC,4PC","4PC,4PC",,,,,,,,
512,,,,,,,,,,"6PC,4PC","6PC,4PC","6PC,4PC"
513,,,,,"6PC,5PC","6PC,5PC","6PC,5PC",,,,,
514,,"4PC,6PC","4PC,6PC",,,,,,,,,
515,,,,,,,"5PC,6PC","5PC,6PC",,"5PC,6PC",,
516,,,,"2PC,2PC",,,,,,,,
517,,,"6PC,5PC","6PC,5PC",,,,"6PC,5PC",,,,
518,,,,,,"4PC,5PC","4PC,5PC","4PC,5PC",,,,
519,,,,,,,,,,"6PC,6PC",,
520,,,,,,"6PC,5PC","6PC,5PC","6PC,5PC",,,,
521,,,,,,,,,,,"5PC,5PC","5PC,5PC"
522,,,,"6PTS,6PTS",,,,,,"6PTS,6PTS",,
523,,,,,,"5PC,6PC",,,,,"5PC,6PC","5PC,6PC"
524,,,,,,,,,,"4PC,6PC","4PC,6PC","4PC,6PC"
525,,,,,,"2PC,2PC",,"2PC,2PC","2PC,2PC",,,
Waiting List #,May 31 - June 3,June 3 - 6,June 7-13,June 14-20,June 21-27,June 28-July 4,July 5-11,July 12-18,July 19-25,July 26-Aug 1,Aug 2-8,Aug 9-15
526,,,,,,,"3PC,4PC","3PC,4PC",,,"3PC,4PC",
527,,,,"4PC,4PC",,,,,,,"4PC,4PC","4PC,4PC"
528,,,,,,,,,"4PC,5PC","4PC,5PC",,
529,,,,,,,,,"4PC,4PC","4PC,4PC","4PC,4PC",
530,,,"2PC,2PC","2PC,2PC",,"2PC,2PC",,,,,,
531,,,,,,"6PTS,6PC",,,,,,
532,,,,,,,"4PC,4PC","4PC,4PC","4PC,4PC",,,
533,,,,,,,,,"3PC,4PC","3PC,4PC","3PC,4PC",
534,,"6PC,4PC",,,,"6PC,4PC","6PC,4PC",,,,,
535,,,,,,,,,,"6PC,4PC","6PC,4PC","6PC,4PC"
536,,,"2PC,3PC","2PC,3PC",,"2PC,3PC",,,,,,
537,,,,,,,,,,"5PC,6PC","5PC,6PC","5PC,6PC"
538,,,"6PC,5PC",,,,,,,,,
539,,,,,,,"4PC,5PC",,,,,
540,,,,,,,,"3PC,3PC","3PC,3PC","3PC,3PC",,
541,,,,"4PC,5PC",,"4PC,5PC","4PC,5PC",,,,,
542,,,,,,,,,,"4PC,6PC","4PC,6PC","4PC,6PC"
543,,,"6PC,6PC","6PC,6PC",,,,,,,,
544,,,,,,,"4PC,5PC","4PC,5PC",,"4PC,5PC",,
545,,"4PC,4PC","4PC,4PC",,,,,,,,,
546,,,"4PC,6PC",,,"4PC,6PC",,"4PC,6PC",,,,
547,,,,,,,,,"4PC,4PC",,"4PC,4PC",
548,,,"4PC,4PC","4PC,4PC",,,,,,,"4PC,4PC",
549,,,"3PC,3PC","3PC,3PC",,,,"3PC,3PC",,,,
550,,,"6PC,4PC",,,,,,,,"6PC,4PC","6PC,4PC"
551,,,"6PC,4PC",,,,,"6PC,4PC","6PC,4PC",,,
552,,,,,,,,,"4PC,5PC",,"4PC,5PC","4PC,5PC"
553,,,,,,,,,,,"4PC,4PC","4PC,4PC"
554,,,,,,,,"4PC,4PC","4PC,4PC","4PC,4PC",,
555,,,,,,,,,,,"5PC,6PC","5PC,6PC"
556,,"5PC,5PC","5PC,5PC",,,,,,,,,"5PC,5PC"
557,,"5PC,4PC",,,,,,,,,,"5PC,4PC"
558,,,,,,,"6PC,5PC","6PC,5PC","6PC,5PC",,,
559,,,"6PC,6PC",,,,,,,,,
560,,,,,,,,,"4PC,5PC","4PC,5PC","4PC,5PC",
Waiting List #,May 31 - June 3,June 3 - 6,June 7-13,June 14-20,June 21-27,June 28-July 4,July 5-11,July 12-18,July 19-25,July 26-Aug 1,Aug 2-8,Aug 9-15
561,,,,,,,"6PC,6PC","6PC,6PC","6PC,6PC",,,
562,,,"5PC,4PC","5PC,4PC",,,,,,"5PC,4PC",,
563,,,"5PC,4PC","5PC,4PC",,"5PC,4PC",,,,,,
564,"4PC,3PC","4PC,3PC",,,,,,,,,,
565,,,,,,,,,,,"3PC,4PC","3PC,4PC"
566,,,,,,,,,"4PC,5PC","4PC,5PC","4PC,5PC",
567,,,,,,,"6PC,6PC","6PC,6PC","6PC,6PC",,,
568,,,"4PC,3PC","4PC,3PC",,"4PC,3PC",,,,,,
569,,,,,,"3PC,4PC","3PC,4PC","3PC,4PC",,,,
570,,"4PC,3PC","4PC,3PC","4PC,3PC",,,,,,,,
571,,,"4PC,6PC","4PC,6PC",,"4PC,6PC",,,,,,
572,,,,,,,,,"4PC,4PC","4PC,4PC","4PC,4PC",
573,,,,,,"4PC,5PC",,,,"4PC,5PC","4PC,5PC",
574,"4PC,4PC","4PC,4PC","4PC,4PC",,,,,,,,,
575,,,,,,"4PC,6PTS",,,,"4PC,6PTS","4PC,6PTS",
576,,,"6PC,5PC",,,,,"6PC,5PC",,,"6PC,5PC",
577,,,,,,,,,"3PC,3PC","3PC,3PC",,
578,,,,"6PC,4PC",,"6PC,4PC","6PC,4PC",,,,,
579,"3PC,4PC","3PC,4PC","3PC,4PC",,,,,,,,,
580,,,,"4PC,6PC",,"4PC,6PC","4PC,6PC",,,,,
581,,,,,,,"3PC,4PC","3PC,4PC","3PC,4PC",,,
582,,,"5PC,6PC",,,,,"5PC,6PC",,"5PC,6PC",,
583,,"3PC,4PC",,,,,,,,,,
584,,,"4PC,5PC",,,,,,,,"4PC,5PC","4PC,5PC"
585,,,,,,,,,"6PC,5PC","6PC,5PC","6PC,5PC",
586,,,"4PC,4PC",,,,,,,,"4PC,4PC","4PC,4PC"
587,,"5PC,6PC",,,,,,,,,,"5PC,6PC"
588,,,"6PC,5PC","6PC,5PC",,,,,,,"6PC,5PC",
589,,,,,,"3PC,4PC","3PC,4PC",,,,,
590,,,"6PC,6PC",,,,,,,,,
591,,,,,,"6PC,4PC",,,,,"6PC,4PC","6PC,4PC"
592,,,,,,"3PC,4PC","3PC,4PC",,,,,
593,,"4PC,4PC",,,,"4PC,4PC",,"4PC,4PC",,,,
594,,,"2PC,3PC",,,,,"2PC,3PC","2PC,3PC",,,
595,,,,,,,,,,"6PC,5PC","6PC,5PC","6PC,5PC"
Waiting List #,May 31 - June 3,June 3 - 6,June 7-13,June 14-20,June 21-27,June 28-July 4,July 5-11,July 12-18,July 19-25,July 26-Aug 1,Aug 2-8,Aug 9-15
596,,,,"6PC,6PC",,,,"6PC,6PC",,"6PC,6PC",,
597,,,,,,,,,,"6PC,5PC",,
598,,,,,,,,,"5PC,4PC","5PC,4PC",,
599,,,,,,,,,"6PC,5PC",,"6PC,5PC","6PC,5PC"
600,,,,,,"6PC,4PC",,,"6PC,4PC","6PC,4PC",,
601,,,,"4PC,6PC",,,,"4PC,6PC","4PC,6PC",,,
602,,,"4PC,5PC","4PC,5PC","4PC,5PC",,,,,,,
603,,,,,,"6PC,5PC","6PC,5PC",,,,"6PC,5PC",
604,,,,,"6PC,6PC",,,,,,,
605,,,,,,,"4PC,4PC","4PC,4PC","4PC,4PC",,,
606,,"5PC,6PC",,,"5PC,6PC",,,"5PC,6PC",,,,
607,,,,,,"5PC,4PC","5PC,4PC","5PC,4PC",,,,
608,,,,"4PC,6PC",,"4PC,6PC",,,"4PC,6PC",,,
609,,,,,,,,,,"6PTS,6PTS","6PTS,6PTS",
610,,,"4PC,6PC","4PC,6PC",,"4PC,6PC",,,,,,
611,,,,,,"3PC,3PC",,,"3PC,3PC",,,"3PC,3PC"
612,,,"3PC,3PC","3PC,3PC",,,,"3PC,3PC",,,,
613,"3PC,3PC","3PC,3PC",,"3PC,3PC",,,,,,,,
614,,,,,,,,,,"5PC,5PC","5PC,5PC",
615,,,,,,,,,"4PC,5PC","4PC,5PC","4PC,5PC",
616,,,"5PC,4PC","5PC,4PC",,"5PC,4PC",,,,,,
617,,,,,,,,,"4PC,5PC","4PC,5PC","4PC,5PC",
618,,,"6PC,6PC",,,,,,,,"6PC,6PC","6PC,6PC"
619,,,"6PTS,6PC","6PTS,6PC",,"6PTS,6PC",,,,,,
620,,,,,,,,"6PC,4PC","6PC,4PC","6PC,4PC",,
621,,,,,,,,,,,"4PC,4PC","4PC,4PC"
622,,,,,,,"4PC,5PC",,,,"4PC,5PC","4PC,5PC"
623,,,"6PTS,4PC","6PTS,4PC",,"6PTS,4PC",,,,,,
624,,,,,,,,,,,"5PC,4PC","5PC,4PC"
625,,,,,,,,,,"6PC,4PC","6PC,4PC","6PC,4PC"
626,,,"4PC,6PC",,,,,,,,,
627,,,,,,,,,,"5PC,6PC","5PC,6PC","5PC,6PC"
628,,,"4PC,4PC",,,"4PC,4PC","4PC,4PC",,,,,
629,,,,,,,,,,"3PC,6PC","3PC,6PC","3PC,6PC"
630,,"4PC,5PC","4PC,5PC",,,,,,,,,"4PC,5PC"
Waiting List #,May 31 - June 3,June 3 - 6,June 7-13,June 14-20,June 21-27,June 28-July 4,July 5-11,July 12-18,July 19-25,July 26-Aug 1,Aug 2-8,Aug 9-15
631,,,"5PC,4PC",,,,,,,,"5PC,4PC","5PC,4PC"
632,,,"5PC,6PC",,,,,,,"5PC,6PC","5PC,6PC",
633,"4PC,4PC","4PC,4PC",,,,,,,"4PC,4PC",,,
634,,,,,,"6PC,4PC",,"6PC,4PC",,,"6PC,4PC",
635,,,"4PC,6PTS","4PC,6PTS",,"4PC,6PTS",,,,,,
636,,,,,,,"4PC,5PC",,,,,
637,,,,"6PC,5PC",,"6PC,5PC",,,,"6PC,5PC",,
638,,,,"6PC,5PC",,,"6PC,5PC",,"6PC,5PC",,,
639,,,,"3PC,4PC",,"3PC,4PC","3PC,4PC",,,,,
640,,,,"5PC,6PC",,,,,,,"5PC,6PC","5PC,6PC"
641,,"3PC,3PC","3PC,3PC","3PC,3PC",,,,,,,,
642,,,"6PC,6PC","6PC,6PC",,,,"6PC,6PC",,,,
643,,,,,,,,"4PC,6PC","4PC,6PC","4PC,6PC",,
644,,,"6PC,4PC",,,,,"6PC,4PC",,,"6PC,4PC",
645,,,,"5PC,6PC","5PC,6PC",,,,,"5PC,6PC",,
646,,,,,,,"4PC,4PC","4PC,4PC","4PC,4PC",,,
647,,,,"2PC,2PC",,"2PC,2PC",,,"2PC,2PC",,,
648,,,,,,,,,,"4PC,6PC","4PC,6PC","4PC,6PC"
649,,,,"6PC,5PC",,"6PC,5PC",,,,,,"6PC,5PC"
650,,,,,,"6PC,5PC","6PC,5PC","6PC,5PC",,,,
651,,,"5PC,4PC","5PC,4PC",,"5PC,4PC",,,,,,
652,"3PC,3PC","3PC,3PC","3PC,3PC",,,,,,,,,
653,,,,,,"4PC,4PC","4PC,4PC",,,,"4PC,4PC",
654,,,,,,,,,,"5PC,6PC","5PC,6PC","5PC,6PC"
655,,,,,,,"5PC,5PC","5PC,5PC","5PC,5PC",,,
656,,,"4PC,6PC",,,,"4PC,6PC","4PC,6PC",,,,
657,,,"6PC,6PC","6PC,6PC",,,,,,,,
658,,,,,,,,,,"6PC,6PC","6PC,6PC","6PC,6PC"
659,,,"3PC,4PC","3PC,4PC",,,,,,,"3PC,4PC",
660,,,,,,,,"6PC,4PC","6PC,4PC","6PC,4PC",,
661,,"4PC,4PC","4PC,4PC",,,,,,,,,"4PC,4PC"
662,,,"5PC,3PC","5PC,3PC",,"5PC,3PC",,,,,,
663,,,"4PC,6PC","4PC,6PC",,,,"4PC,6PC",,,,
664,,,,,,,,"5PC,4PC","5PC,4PC","5PC,4PC",,
665,,,,,,"2PC,4PC",,"2PC,4PC","2PC,4PC",,,
Waiting List #,May 31 - June 3,June 3 - 6,June 7-13,June 14-20,June 21-27,June 28-July 4,July 5-11,July 12-18,July 19-25,July 26-Aug 1,Aug 2-8,Aug 9-15
666,,,,,,,,,,"3PC,4PC","3PC,4PC",
667,,,,,,,,,,"4PC,6PTS","4PC,6PTS",
668,,,,,,,"4PC,3PC","4PC,3PC",,,"4PC,3PC",
669,,"2PC,2PC",,,,,,"2PC,2PC",,,,
670,,,,,,,,,,"6PC,4PC","6PC,4PC","6PC,4PC"
671,,,"3PC,4PC",,,,,,,,"3PC,4PC","3PC,4PC"
672,"2PC,3PC",,,"2PC,3PC",,"2PC,3PC",,,,,,
673,,,,"6PC,5PC",,,,"6PC,5PC","6PC,5PC",,,
674,,,,,,"4PC,5PC","4PC,5PC","4PC,5PC",,,,
675,,,,"5PC,5PC","5PC,5PC",,,,,,,
676,,,,,,,"6PC,6PC","6PC,6PC","6PC,6PC",,,
677,,,,,,,,"5PC,4PC","5PC,4PC","5PC,4PC",,
678,,,"6PC,5PC",,,,,"6PC,5PC","6PC,5PC",,,
679,,,,,,,,,,"3PC,4PC","3PC,4PC","3PC,4PC"
680,,,,,,,,,"3PC,3PC","3PC,3PC","3PC,3PC",
681,,,,,,"6PTS,6PTS","6PTS,6PTS",,,"6PTS,6PTS",,
682,,,,,"6PTS,6PTS","6PTS,6PTS","6PTS,6PTS",,,,,
683,,,,,,,,,"4PC,3PC",,"4PC,3PC","4PC,3PC"
684,,,,,,,"6PC,5PC","6PC,5PC","6PC,5PC",,,
685,,,,"6PTS,4PC",,,,,,,,
686,,,,,,,"6PC,6PC",,,,,
687,,,,,,,,,,"6PC,6PC",,"6PC,6PC"
688,,,,,,,,"4PC,4PC","4PC,4PC",,,
689,,,"3PC,3PC","3PC,3PC",,,,,,,"3PC,3PC",
690,,,"4PC,4PC","4PC,4PC",,,,,,,,"4PC,4PC"
691,,,,,,,,,,"6PC,5PC","6PC,5PC",
692,,,,,,,"4PC,5PC","4PC,5PC","4PC,5PC",,,
693,"3PC,4PC",,,"3PC,4PC",,,,,,,,"3PC,4PC"
694,,,,,,"6PC,5PC",,"6PC,5PC","6PC,5PC",,,
695,,,,,,,,"3PC,2PC",,,"3PC,2PC","3PC,2PC"
696,,,"2PC,3PC","2PC,3PC",,"2PC,3PC",,,,,,
697,,,"3PC,6PTS",,,,,,,,,
698,,,,,,"4PC,6PTS","4PC,6PTS",,,"4PC,6PTS",,
699,,,,"4PC,5PC",,"4PC,5PC","4PC,5PC",,,,,
700,,,,,"3PC,4PC","3PC,4PC","3PC,4PC",,,,,
Waiting List #,May 31 - June 3,June 3 - 6,June 7-13,June 14-20,June 21-27,June 28-July 4,July 5-11,July 12-18,July 19-25,July 26-Aug 1,Aug 2-8,Aug 9-15
701,,,,,,,,,,,"3PC,4PC","3PC,4PC"
702,,,"5PC,4PC","5PC,4PC",,,"5PC,4PC",,,,,
703,,,,,,,,"2PC,2PC","2PC,2PC","2PC,2PC",,
704,,,,"6PC,5PC",,,,"6PC,5PC","6PC,5PC",,,
705,,,"6PC,5PC","6PC,5PC",,"6PC,5PC",,,,,,
706,,,,,,,,,,"6PC,4PC","6PC,4PC","6PC,4PC"
707,,,"3PC,6PC",,,,,,,"3PC,6PC","3PC,6PC",
708,,,"6PTS,3PC","6PTS,3PC",,"6PTS,3PC",,,,,,
709,,,,"5PC,6PC","5PC,6PC",,,,,"5PC,6PC",,
710,,"3PC,3PC",,,,,,,,,"3PC,3PC","3PC,3PC"
711,,,,,,,,,,"4PC,3PC","4PC,3PC","4PC,3PC"
712,,,,,,,,,,,"4PC,4PC",
713,,,,,,"6PC,4PC","6PC,4PC",,,,,"6PC,4PC"
714,,,,,,,,,,"6PC,5PC","6PC,5PC","6PC,5PC"
715,,"6PC,4PC","6PC,4PC","6PC,4PC",,,,,,,,
716,,,,,,"4PC,5PC","4PC,5PC","4PC,5PC",,,,
717,,,,,,,"4PC,3PC","4PC,3PC",,"4PC,3PC",,
718,,,"6PTS,6PTS","6PTS,6PTS",,,,,,,,
719,,,"6PC,4PC","6PC,4PC",,,,,,,,
720,,"4PC,4PC",,"4PC,4PC",,,,,,"4PC,4PC",,
721,,,,,,,,"6PC,5PC","6PC,5PC",,,
722,,,"4PC,5PC",,,,,"4PC,5PC",,,"4PC,5PC",
723,,,"6PC,4PC","6PC,4PC",,,,,,,,
724,,,"6PC,5PC","6PC,5PC",,"6PC,5PC",,,,,,
725,,,,,,,,,,"3PC,3PC","3PC,3PC","3PC,3PC"
726,,,,,,,,,,"2PC,3PC","2PC,3PC",
727,,,"3PC,3PC",,,,,,,,,
728,,,,"5PC,6PC",,,"5PC,6PC",,,,,
729,,,,,,,,,,"6PC,6PC",,
730,,,,"6PC,5PC",,,,,,"6PC,5PC","6PC,5PC",
731,,,"6PC,5PC","6PC,5PC",,"6PC,5PC",,,,,,
732,,,,,,,,,,"3PC,6PC","3PC,6PC",
733,,,,,,,,,,"6PC,5PC","6PC,5PC","6PC,5PC"
734,,,,,"4PC,5PC","4PC,5PC","4PC,5PC",,,,,
735,"3PC,3PC",,,"3PC,3PC",,"3PC,3PC",,,,,,
Waiting List #,May 31 - June 3,June 3 - 6,June 7-13,June 14-20,June 21-27,June 28-July 4,July 5-11,July 12-18,July 19-25,July 26-Aug 1,Aug 2-8,Aug 9-15
736,,,,"4PC,4PC",,,,,,,,
737,,,,"5PC,6PC","5PC,6PC","5PC,6PC",,,,,,
738,,,,,,"6PTS,6PC",,,,"6PTS,6PC","6PTS,6PC",
739,,,"4PC,2PC","4PC,2PC",,"4PC,2PC",,,,,,
740,"3PC,3PC","3PC,3PC","3PC,3PC",,,,,,,,,
741,,,,,,,,"4PC,6PC",,,,
742,,,,"6PC,6PC",,,,,,,,
743,,,"3PC,3PC","3PC,3PC",,,,,,,,
744,,,,,,"4PC,5PC","4PC,5PC","4PC,5PC",,,,
745,,,"4PC,6PTS","4PC,6PTS",,"4PC,6PTS",,,,,,
746,,,,,,,,,,,"4PC,5PC","4PC,5PC"
747,,,,"6PTS,6PC",,"6PTS,6PC",,,,,,
748,,"5PC,6PC",,,,,,,,,,
749,,,,,,,,,,,"4PC,4PC","4PC,4PC"
750,,,,,,,,,"6PC,5PC","6PC,5PC","6PC,5PC",
751,,,"6PC,5PC","6PC,5PC",,"6PC,5PC",,,,,,
752,,"4PC,5PC","4PC,5PC",,,,,,,,,"4PC,5PC"
753,,,,,,,,,,"6PC,4PC","6PC,4PC","6PC,4PC"
754,,,,,,,,,,"3PC,3PC","3PC,3PC","3PC,3PC"
755,,,,,,,,,"6PTS,6PTS",,,
756,,,,,,,,,,,"6PC,5PC","6PC,5PC"
757,,,,,,,,"5PC,6PC","5PC,6PC","5PC,6PC",,
758,,,"6PC,6PC","6PC,6PC",,,,,,,,
759,,"3PC,4PC","3PC,4PC","3PC,4PC",,,,,,,,
760,,,,,,"4PC,5PC","4PC,5PC","4PC,5PC",,,,
761,,,,,,,,,"6PC,5PC","6PC,5PC","6PC,5PC",
762,,,,"5PC,6PC",,,"5PC,6PC",,,,,
763,,,,"6PC,5PC",,"6PC,5PC","6PC,5PC",,,,,
764,"3PC,4PC","3PC,4PC",,,,,,,,,,
765,,,,,"4PC,6PC",,,"4PC,6PC",,,,
766,,,"5PC,6PC","5PC,6PC",,,,,,,,
767,,,"4PC,6PC","4PC,6PC",,"4PC,6PC",,,,,,
768,,"3PC,4PC","3PC,4PC","3PC,4PC",,,,,,,,
769,,,,,,"6PTS,6PTS",,,"6PTS,6PTS","6PTS,6PTS",,
770,,,,,,,"6PC,6PC","6PC,6PC","6PC,6PC",,,
Waiting List #,May 31 - June 3,June 3 - 6,June 7-13,June 14-20,June 21-27,June 28-July 4,July 5-11,July 12-18,July 19-25,July 26-Aug 1,Aug 2-8,Aug 9-15
771,,,,"3PC,3PC",,"3PC,3PC","3PC,3PC",,,,,
772,,,,,,,,,,"6PC,6PC","6PC,6PC","6PC,6PC"
773,,,,,,,,,,,"4PC,5PC","4PC,5PC"
774,,,,,,"6PC,6PC",,"6PC,6PC",,,"6PC,6PC",
775,,"5PC,5PC",,,,,,,,,,"5PC,5PC"
776,,,"4PC,6PC",,,,,,"4PC,6PC","4PC,6PC",,
777,"3PC,4PC","3PC,4PC","3PC,4PC",,,,,,,,,
778,,,"4PC,4PC","4PC,4PC","4PC,4PC",,,,,,,
779,,,"4PC,3PC","4PC,3PC",,,,"4PC,3PC",,,,
780,,"4PC,4PC","4PC,4PC",,,,,,,,,"4PC,4PC"
781,,,"5PC,3PC","5PC,3PC",,,,,,,"5PC,3PC",
782,,,"4PC,5PC","4PC,5PC",,,,,"4PC,5PC",,,
783,,"4PC,5PC",,,,"4PC,5PC","4PC,5PC",,,,,
784,,,,,,,,"6PC,4PC","6PC,4PC","6PC,4PC",,
785,,,"4PC,4PC","4PC,4PC",,"4PC,4PC",,,,,,
786,,,,,,,,,"6PTS,6PTS","6PTS,6PTS","6PTS,6PTS",
787,,,,,,,,,,"5PC,6PC","5PC,6PC","5PC,6PC"
788,,,,"6PC,6PC",,,,"6PC,6PC","6PC,6PC",,,
789,,"4PC,6PC","4PC,6PC","4PC,6PC",,,,,,,,
790,,,,"5PC,6PC",,,,,,,,
791,,,"6PC,6PC",,,,,,,,,
792,"3PC,4PC","3PC,4PC","3PC,4PC",,,,,,,,,
793,,"3PC,4PC","3PC,4PC","3PC,4PC",,,,,,,,
794,,,,,,"6PC,5PC",,,,"6PC,5PC",,"6PC,5PC"
795,,,,,,,,,"6PTS,6PTS","6PTS,6PTS","6PTS,6PTS",
796,,,,,,"4PC,4PC",,"4PC,4PC",,,,
797,,,,,,,"6PC,5PC",,,,,
798,,,,"6PC,5PC",,"6PC,5PC",,,"6PC,5PC",,,
799,,,,,,"4PC,3PC","4PC,3PC",,,"4PC,3PC",,
800,,,,"4PC,6PC",,"4PC,6PC",,,,,,"4PC,6PC"
801,,,,,,"4PC,3PC","4PC,3PC","4PC,3PC",,,,
802,,"6PC,5PC",,,,,,,,,"6PC,5PC",
803,,,"6PC,5PC","6PC,5PC",,,,,,,"6PC,5PC",
804,,,,,,"3PC,4PC",,,,,,"3PC,4PC"
805,,,,"6PC,5PC",,,,,,,,
Waiting List #,May 31 - June 3,June 3 - 6,June 7-13,June 14-20,June 21-27,June 28-July 4,July 5-11,July 12-18,July 19-25,July 26-Aug 1,Aug 2-8,Aug 9-15
806,"4PC,2PC",,,,,"4PC,2PC",,"4PC,2PC",,,,
807,,,"3PC,4PC",,,,,,,,"3PC,4PC","3PC,4PC"
808,,,,,"6PC,3PC","6PC,3PC","6PC,3PC",,,,,
809,,,"6PC,4PC",,,,,,,,"6PC,4PC","6PC,4PC"
810,,,"3PC,6PC","3PC,6PC",,,"3PC,6PC",,,,,
811,,,,,,,,"6PC,6PC","6PC,6PC",,,
812,,,,,,,,,,,,"6PC,4PC"
813,,,,,,"6PC,5PC","6PC,5PC","6PC,5PC",,,,
814,,,"3PC,3PC",,,,,"3PC,3PC",,"3PC,3PC",,
815,,"4PC,4PC","4PC,4PC","4PC,4PC",,,,,,,,
816,,,,"6PTS,4PC",,"6PTS,4PC","6PTS,4PC",,,,,
817,"2PC,3PC","2PC,3PC",,,,,,,,,,
818,,,,,,,,,,"3PC,3PC","3PC,3PC","3PC,3PC"
819,,,"6PTS,6PTS","6PTS,6PTS",,,,,,,,
820,,,,,,"6PC,4PC",,"6PC,4PC",,,"6PC,4PC",
821,,,,,,,,,,"5PC,6PC","5PC,6PC","5PC,6PC"
822,,,,,,,"6PTS,6PTS",,,"6PTS,6PTS","6PTS,6PTS",
823,"2PC,3PC",,,"2PC,3PC",,"2PC,3PC",,,,,,
824,,,,,,,,,,,"6PC,3PC","6PC,3PC"
825,,,,,,,,"6PC,2PC","6PC,2PC","6PC,2PC",,
826,,"3PC,4PC","3PC,4PC","3PC,4PC",,,,,,,,
827,,,,,,,,,,,"4PC,6PC","4PC,6PC"
828,"3PC,4PC",,"3PC,4PC",,,"3PC,4PC",,,,,,
829,,,"4PC,4PC",,,,,,,,"4PC,4PC","4PC,4PC"
830,,,,,,,,,,"4PC,4PC","4PC,4PC","4PC,4PC"
831,,,,,,,,,,"6PTS,6PTS","6PTS,6PTS",
832,,,,,,,,,"3PC,4PC","3PC,4PC","3PC,4PC",
833,,,,"4PC,6PC","4PC,6PC","4PC,6PC",,,,,,
834,,,"5PC,6PC",,,,"5PC,6PC",,,,,"5PC,6PC"
835,,,,,,,,,,"4PC,3PC","4PC,3PC",
836,,,,,,"5PC,4PC","5PC,4PC",,,,"5PC,4PC",
837,,,,"4PC,3PC","4PC,3PC","4PC,3PC",,,,,,
838,,,,,,,,,,"6PC,5PC","6PC,5PC","6PC,5PC"
839,,,,"4PC,6PC",,"4PC,6PC","4PC,6PC",,,,,
840,,,,"4PC,4PC",,"4PC,4PC","4PC,4PC",,,,,
Waiting List #,May 31 - June 3,June 3 - 6,June 7-13,June 14-20,June 21-27,June 28-July 4,July 5-11,July 12-18,July 19-25,July 26-Aug 1,Aug 2-8,Aug 9-15
841,,,,,,,,"2PC,4PC","2PC,4PC","2PC,4PC",,
842,,,"4PC,4PC",,,,,,,,,
843,,,"3PC,4PC","3PC,4PC",,"3PC,4PC",,,,,,
844,,,,"6PC,5PC",,"6PC,5PC","6PC,5PC",,,,,
845,,"4PC,5PC","4PC,5PC",,,"4PC,5PC",,,,,,
846,,,,,"6PC,4PC",,,"6PC,4PC",,,,
847,,,"3PC,4PC","3PC,4PC",,,,,,,,
848,,,,,,,,,,,"6PC,5PC","6PC,5PC"
849,,"3PC,6PC",,"3PC,6PC",,,,,,,,"3PC,6PC"
850,,,"3PC,4PC",,,,"3PC,4PC",,,,,"3PC,4PC"
851,,,,,,"4PC,4PC","4PC,4PC","4PC,4PC",,,,
852,,,"6PTS,6PTS","6PTS,6PTS","6PTS,6PTS",,,,,,,
853,,,,,,"4PC,3PC","4PC,3PC",,,"4PC,3PC",,
854,,,,,,"4PC,4PC",,,"4PC,4PC","4PC,4PC",,
855,,"6PC,3PC","6PC,3PC","6PC,3PC",,,,,,,,
856,,,"4PC,4PC","4PC,4PC",,"4PC,4PC",,,,,,
857,,,"6PC,6PC",,"6PC,6PC",,,,,,,"6PC,6PC"
858,,,,,,,,,"4PC,4PC",,,
859,,,,"3PC,4PC","3PC,4PC",,,,,,,
860,,,,"6PC,6PC","6PC,6PC","6PC,6PC",,,,,,
861,,,,,,"5PC,6PC",,,,"5PC,6PC","5PC,6PC",
862,,,,,,"6PC,4PC","6PC,4PC",,,,,
863,,,,,,,"6PC,3PC",,,,"6PC,3PC",
864,,,,"5PC,6PC",,,"5PC,6PC",,,,,
865,,,"6PC,4PC","6PC,4PC",,,,,,"6PC,4PC",,
866,,,"6PC,5PC","6PC,5PC",,"6PC,5PC",,,,,,
867,"2PC,2PC","2PC,2PC","2PC,2PC",,,,,,,,,
868,,,"2PC,4PC","2PC,4PC",,"2PC,4PC",,,,,,
869,"4PC,3PC","4PC,3PC","4PC,3PC",,,,,,,,,
870,,,"4PC,4PC","4PC,4PC",,,,,,,,
871,,,,,,,"4PC,6PC","4PC,6PC",,,"4PC,6PC",
872,,,,,,,,,"2PC,3PC","2PC,3PC","2PC,3PC",
873,,,,"6PC,4PC",,,,"6PC,4PC",,,,
874,"2PC,3PC",,,,,,,,,,"2PC,3PC","2PC,3PC"
875,,,,,,,"6PC,4PC",,,"6PC,4PC","6PC,4PC",
Waiting List #,May 31 - June 3,June 3 - 6,June 7-13,June 14-20,June 21-27,June 28-July 4,July 5-11,July 12-18,July 19-25,July 26-Aug 1,Aug 2-8,Aug 9-15
876,,,,,,"6PTS,6PTS",,,,"6PTS,6PTS","6PTS,6PTS",
877,,,"4PC,5PC","4PC,5PC",,,"4PC,5PC",,,,,
878,,,,,,,,,,"4PC,5PC",,
879,,,,,,,,,,"5PC,4PC","5PC,4PC","5PC,4PC"
880,,,,,,"6PC,5PC",,,,"6PC,5PC","6PC,5PC",
881,,"4PC,4PC","4PC,4PC",,,,,,,,,
882,,,"4PC,4PC",,,,,"4PC,4PC",,,,
883,,,,"4PC,6PTS",,"4PC,6PTS",,,,,"4PC,6PTS",
884,,"6PC,4PC","6PC,4PC",,,,,,,"6PC,4PC",,
885,,,,"6PC,5PC",,,,,"6PC,5PC",,,"6PC,5PC"
886,,,"4PC,5PC","4PC,5PC",,"4PC,5PC",,,,,,
887,,,"3PC,3PC",,,,,,,,"3PC,3PC","3PC,3PC"
888,,,,,,"4PC,5PC","4PC,5PC","4PC,5PC",,,,
889,,,"6PTS,6PTS",,,"6PTS,6PTS",,,,,,
890,,,,"6PTS,4PC",,,"6PTS,4PC",,,,"6PTS,4PC",
891,,,,,,,,,,"4PC,4PC","4PC,4PC","4PC,4PC"
892,,"3PC,2PC","3PC,2PC","3PC,2PC",,,,,,,,
893,,,"3PC,4PC","3PC,4PC",,,,,,,,
894,,,,"3PC,3PC","3PC,3PC","3PC,3PC",,,,,,
895,,,,,"3PC,6PTS","3PC,6PTS",,,,,,"3PC,6PTS"
896,,,"5PC,6PC","5PC,6PC",,"5PC,6PC",,,,,,
897,,,"6PC,4PC","6PC,4PC",,"6PC,4PC",,,,,,
898,,,,,,,,"4PC,2PC","4PC,2PC","4PC,2PC",,
899,,,,,,,,,,"2PC,2PC","2PC,2PC","2PC,2PC"
900,,,,,,,"4PC,5PC","4PC,5PC","4PC,5PC",,,
901,,,,,,,,,"4PC,5PC","4PC,5PC",,
902,,,,,,,,,"2PC,3PC","2PC,3PC","2PC,3PC",
903,,,,,,,"4PC,6PTS",,,,,"4PC,6PTS"
904,,,"6PC,6PC","6PC,6PC",,,,"6PC,6PC",,,,
905,,"6PC,6PC","6PC,6PC","6PC,6PC",,,,,,,,
906,,,,,,,"6PC,5PC",,,,,
907,,"4PC,4PC",,,,"4PC,4PC",,"4PC,4PC",,,,
908,,,,,"5PC,4PC",,"5PC,4PC","5PC,4PC",,,,
909,,,,"6PC,5PC",,"6PC,5PC","6PC,5PC",,,,,
910,,,,,,"6PTS,6PC","6PTS,6PC",,,,,"6PTS,6PC"
Waiting List #,May 31 - June 3,June 3 - 6,June 7-13,June 14-20,June 21-27,June 28-July 4,July 5-11,July 12-18,July 19-25,July 26-Aug 1,Aug 2-8,Aug 9-15
911,,,,,,,,,"6PC,6PC",,,
912,,,,,,,,,,"6PC,6PC",,
913,,,,,,"4PC,5PC",,,"4PC,5PC","4PC,5PC",,
914,,,,"6PC,6PC",,,,,"6PC,6PC","6PC,6PC",,
915,,,,,,,,,,,"4PC,5PC","4PC,5PC"
916,,,"6PC,5PC","6PC,5PC",,,,,,,,"6PC,5PC"
917,,,"4PC,5PC","4PC,5PC",,"4PC,5PC",,,,,,
918,,,"4PC,5PC",,,,,,,,,
919,,,"6PC,4PC","6PC,4PC",,,,"6PC,4PC",,,,
920,,,"6PC,6PTS","6PC,6PTS",,,,,,"6PC,6PTS",,
921,,,,"6PC,5PC","6PC,5PC",,,,,"6PC,5PC",,
922,,,,,,"4PC,4PC",,,"4PC,4PC",,,"4PC,4PC"
923,,,,"3PC,6PTS",,,,,,,,"3PC,6PTS"
924,,,,"6PC,6PC",,"6PC,6PC",,"6PC,6PC",,,,
925,,,,,,,,,,,"4PC,4PC","4PC,4PC"
926,,,,,,"3PC,3PC","3PC,3PC",,,"3PC,3PC",,
927,,,"3PC,4PC",,,,,,,,,
928,,"6PC,6PC","6PC,6PC","6PC,6PC",,,,,,,,
929,,,,,,,,,"6PTS,4PC","6PTS,4PC","6PTS,4PC",
930,,,,"6PC,5PC",,,,,,,,
931,,,,,,,,,,"6PC,5PC",,
932,,,"6PC,5PC",,,"6PC,5PC",,,,,"6PC,5PC",
933,,"3PC,3PC","3PC,3PC",,,,,"3PC,3PC",,,,
934,,,"4PC,6PC",,,,"4PC,6PC","4PC,6PC",,,,
935,,,,,,"6PC,6PC","6PC,6PC","6PC,6PC",,,,
936,,,,,,,,,,"4PC,3PC","4PC,3PC","4PC,3PC"
937,,,,,,,,"6PC,6PC","6PC,6PC","6PC,6PC",,
938,,,,,,,,,"3PC,4PC","3PC,4PC",,"3PC,4PC"
939,,,,"4PC,4PC",,"4PC,4PC",,,,,,
940,,,,,,"4PC,3PC",,,,"4PC,3PC","4PC,3PC",
941,,"4PC,6PC","4PC,6PC",,,,,,,,,
942,,,"4PC,3PC","4PC,3PC",,"4PC,3PC",,,,,,
943,,,,,,,,,,,"4PC,6PTS",
944,,,,,,,"6PC,5PC","6PC,5PC",,,,
945,,,,,,,,,,"5PC,5PC","5PC,5PC",
Waiting List #,May 31 - June 3,June 3 - 6,June 7-13,June 14-20,June 21-27,June 28-July 4,July 5-11,July 12-18,July 19-25,July 26-Aug 1,Aug 2-8,Aug 9-15
946,,,,,,,,,,"3PC,4PC","3PC,4PC","3PC,4PC"
947,,,,,,,,,"6PC,4PC",,"6PC,4PC","6PC,4PC"
948,,,,,,,,,,"6PC,5PC",,
949,,,"4PC,4PC",,,,,,"4PC,4PC","4PC,4PC",,
950,,,"5PC,6PC","5PC,6PC",,,,,,"5PC,6PC",,
951,,,"2PC,2PC","2PC,2PC",,,,,,,,
952,,,"6PTS,6PTS",,,,,,"6PTS,6PTS",,,
953,,,,"4PC,5PC","4PC,5PC",,,,,,,"4PC,5PC"
954,,,"4PC,3PC","4PC,3PC",,"4PC,3PC",,,,,,
955,,,,,,,,,"6PC,5PC","6PC,5PC","6PC,5PC",
956,,,,,,"4PC,4PC","4PC,4PC",,,,,"4PC,4PC"
957,,,"6PTS,4PC","6PTS,4PC","6PTS,4PC",,,,,,,
958,,,"6PTS,6PTS","6PTS,6PTS",,,,,,,"6PTS,6PTS",
959,,,"3PC,3PC",,,,,,,"3PC,3PC",,"3PC,3PC"
960,,,"6PC,5PC",,"6PC,5PC",,"6PC,5PC",,,,,
961,,"3PC,2PC",,"3PC,2PC",,,,,,,,
962,,,,,,,"4PC,6PC","4PC,6PC",,"4PC,6PC",,
963,,,,,,,,,,"6PC,6PC","6PC,6PC","6PC,6PC"
964,,,"2PC,6PTS","2PC,6PTS","2PC,6PTS",,,,,,,
965,,,,"6PC,5PC","6PC,5PC",,,,,,,"6PC,5PC"
966,,"6PC,5PC","6PC,5PC","6PC,5PC",,,,,,,,
967,,,,,,"4PC,2PC",,,,"4PC,2PC",,"4PC,2PC"
968,,,,,,,,,,"4PC,2PC","4PC,2PC","4PC,2PC"
969,,,,,,,,,,"6PC,6PTS","6PC,6PTS","6PC,6PTS"
970,,,"6PC,5PC","6PC,5PC",,"6PC,5PC",,,,,,
971,,,,,,,"5PC,6PC","5PC,6PC","5PC,6PC",,,
972,,,,,,,,,,"3PC,2PC","3PC,2PC","3PC,2PC"
973,,,,"3PC,3PC","3PC,3PC",,,,,,"3PC,3PC",
974,,"4PC,6PC",,,,,,,,"4PC,6PC",,
975,,,,,,,,,"6PC,4PC",,"6PC,4PC","6PC,4PC"
976,,,,,,,,,,"6PC,5PC","6PC,5PC","6PC,5PC"
977,,,,,,,,,"6PC,4PC","6PC,4PC",,
978,,,,,,,"6PC,4PC",,,,"6PC,4PC","6PC,4PC"
979,,,,,,,,"3PC,3PC","3PC,3PC",,,
980,,,"4PC,3PC","4PC,3PC",,,,,,,"4PC,3PC",
Waiting List #,May 31 - June 3,June 3 - 6,June 7-13,June 14-20,June 21-27,June 28-July 4,July 5-11,July 12-18,July 19-25,July 26-Aug 1,Aug 2-8,Aug 9-15
981,,,,,,,,,,,"4PC,4PC","4PC,4PC"
982,,,"4PC,3PC","4PC,3PC","4PC,3PC",,,,,,,
983,,,,,,,,"3PC,6PC",,,"3PC,6PC","3PC,6PC"
984,,,,"3PC,2PC","3PC,2PC",,,,"3PC,2PC",,,
985,,,,,,,,,,,"2PC,2PC","2PC,2PC"
986,,,,,,,,,"4PC,4PC","4PC,4PC","4PC,4PC",
987,,,,,,,,,,"4PC,5PC","4PC,5PC","4PC,5PC"
988,,,,,"4PC,5PC",,,,,,,
989,,,,"4PC,6PC",,"4PC,6PC",,,,,,"4PC,6PC"
990,,,,"3PC,4PC",,,,"3PC,4PC",,,,
991,,,,,"6PTS,3PC",,,,"6PTS,3PC",,,"6PTS,3PC"
992,,,,,,,,,,,"6PTS,6PC",
993,,,,"4PC,6PTS",,"4PC,6PTS","4PC,6PTS",,,,,
994,,,"4PC,6PC","4PC,6PC",,,"4PC,6PC",,,,,
995,,,,,,,,,,,"4PC,3PC",
996,,,,,,,,,,"4PC,5PC","4PC,5PC","4PC,5PC"
997,,,,,,,,,,,"6PC,6PTS","6PC,6PTS"
998,,,"4PC,5PC",,,,,,,,"4PC,5PC","4PC,5PC"
999,,,"3PC,3PC","3PC,3PC",,"3PC,3PC",,,,,,
1000,,,,,,,,,"6PC,6PTS","6PC,6PTS",,
1001,,,"4PC,6PC",,,,,,,"4PC,6PC","4PC,6PC",
1002,,,,,,"4PC,4PC","4PC,4PC","4PC,4PC",,,,
1003,,,,"2PC,3PC",,"2PC,3PC","2PC,3PC",,,,,
1004,,,,,,,,,"6PC,4PC",,,
1005,,"6PC,6PC",,,,,,,,,,
1006,,,,,,,,"6PC,4PC",,,,
1007,,,,,,,,,"2PC,2PC",,,
1008,,,,,,"4PC,6PC","4PC,6PC",,,"4PC,6PC",,
1009,,"2PC,2PC",,,,,,,,,,
1010,,,"4PC,3PC","4PC,3PC",,,,,,"4PC,3PC",,
1011,,,,,,,"6PC,5PC","6PC,5PC","6PC,5PC",,,
1012,,,,,,,,"5PC,4PC","5PC,4PC","5PC,4PC",,
1013,,,"4PC,6PTS","4PC,6PTS",,,,,,,"4PC,6PTS",
1014,,,,"4PC,4PC",,,,"4PC,4PC","4PC,4PC",,,
1015,,,,"3PC,4PC","3PC,4PC",,,"3PC,4PC",,,,
Waiting List #,May 31 - June 3,June 3 - 6,June 7-13,June 14-20,June 21-27,June 28-July 4,July 5-11,July 12-18,July 19-25,July 26-Aug 1,Aug 2-8,Aug 9-15
1016,,,,,,,,,,,"4PC,4PC","4PC,4PC"
1017,,,,"2PC,3PC",,,"2PC,3PC","2PC,3PC",,,,
1018,,"6PC,4PC","6PC,4PC","6PC,4PC",,,,,,,,
1019,,,,,,,,"2PC,3PC",,,,
1020,,,,,"3PC,4PC","3PC,4PC","3PC,4PC",,,,,
1021,,,"5PC,6PC","5PC,6PC",,,,,,,,
1022,,"6PC,5PC","6PC,5PC","6PC,5PC",,,,,,,,
1023,,,,,,,,,"4PC,4PC","4PC,4PC","4PC,4PC",
1024,,"6PC,6PC",,,,"6PC,6PC",,,,,,"6PC,6PC"
1025,,,,,"6PC,5PC",,,,,,"6PC,5PC","6PC,5PC"
1026,,,,,,,,,"2PC,3PC","2PC,3PC","2PC,3PC",
1027,,"4PC,5PC",,,"4PC,5PC",,,,,,,
1028,,"5PC,5PC",,,,,,,,"5PC,5PC",,"5PC,5PC"
1029,,,,,,"2PC,4PC",,,,,"2PC,4PC","2PC,4PC"
1030,,,,,,"6PTS,6PTS","6PTS,6PTS",,,"6PTS,6PTS",,
1031,,,,,,,"2PC,3PC","2PC,3PC","2PC,3PC",,,
1032,,,,,,"6PTS,6PTS","6PTS,6PTS",,,"6PTS,6PTS",,
1033,,,,,,,,,,"4PC,4PC","4PC,4PC","4PC,4PC"
1034,,,,,,,"6PC,6PC","6PC,6PC","6PC,6PC",,,
1035,,,,,,,"4PC,3PC",,"4PC,3PC","4PC,3PC",,
1036,,,,"3PC,3PC","3PC,3PC","3PC,3PC",,,,,,
1037,"4PC,3PC",,"4PC,3PC","4PC,3PC",,,,,,,,
1038,,,,"6PTS,6PTS",,"6PTS,6PTS","6PTS,6PTS",,,,,
1039,,,,"6PC,6PC","6PC,6PC",,,,,,,"6PC,6PC"
1040,,"2PC,3PC","2PC,3PC","2PC,3PC",,,,,,,,
1041,,,,,,"6PC,5PC","6PC,5PC",,,"6PC,5PC",,
1042,,,,,,,,,,"4PC,6PC",,
1043,,,,,,,,,"4PC,5PC","4PC,5PC","4PC,5PC",
1044,,,"4PC,6PC","4PC,6PC",,,,,,,"4PC,6PC",
1045,,,,"6PC,4PC",,,,,,,"6PC,4PC","6PC,4PC"
1046,"2PC,3PC","2PC,3PC",,"2PC,3PC",,,,,,,,
1047,,,,"6PTS,6PTS",,,,,,,,
1048,,,,,,"4PC,3PC","4PC,3PC","4PC,3PC",,,,
1049,,"2PC,3PC","2PC,3PC","2PC,3PC",,,,,,,,
1050,,,,,,"5PC,6PC",,,,,,
Waiting List #,May 31 - June 3,June 3 - 6,June 7-13,June 14-20,June 21-27,June 28-July 4,July 5-11,July 12-18,July 19-25,July 26-Aug 1,Aug 2-8,Aug 9-15
1051,,,"2PC,3PC","2PC,3PC",,,,"2PC,3PC",,,,
1052,,,"6PC,6PTS",,,"6PC,6PTS","6PC,6PTS",,,,,
1053,"2PC,2PC","2PC,2PC",,"2PC,2PC",,,,,,,,
1054,"4PC,4PC","4PC,4PC",,,,,,,,,,
1055,,,,,,,,"6PC,5PC","6PC,5PC","6PC,5PC",,
1056,,,,,,"6PC,6PC",,,,,,
1057,,,,,,,,,"6PTS,6PTS",,,
1058,,,,,,,"3PC,4PC","3PC,4PC","3PC,4PC",,,
1059,,,,,,"6PTS,6PTS",,,,"6PTS,6PTS","6PTS,6PTS",
1060,,,,,,,"6PC,5PC",,"6PC,5PC","6PC,5PC",,
1061,,,,,,,,,,"5PC,6PC",,
1062,,,,,,,"5PC,4PC",,"5PC,4PC","5PC,4PC",,
1063,,,,,,,,,"6PTS,6PTS",,,
1064,,,,"5PC,6PTS",,,,,,"5PC,6PTS","5PC,6PTS",
1065,,"3PC,4PC","3PC,4PC",,,,,,,"3PC,4PC",,
1066,,,"2PC,2PC",,,,,,,,,"2PC,2PC"
1067,,,,,,,,,,"6PC,5PC","6PC,5PC","6PC,5PC"
1068,,,,,,,,"4PC,3PC","4PC,3PC","4PC,3PC",,
1069,,"2PC,3PC","2PC,3PC","2PC,3PC",,,,,,,,
